职位,公司,工作地点,工资,发布时间
(银行)python开发工程师,信必优(深圳)信息技术有限公司,广州-天河区,2-2.5万/月,06-13
Python开发工程师,苏州飞宇互娱信息科技有限公司,苏州-工业园区,0.8-1.5万/月,06-13
Python开发工程师,上海融为信息科技有限公司,昆山,0.8-1.2万/月,06-13
Python开发工程师,南京优玛软件科技有限公司,南京,0.8-1万/月,06-13
Python开发工程师,上海柯华软件有限公司,上海-浦东新区,8-9.5千/月,06-13
Python开发工程师,西安北斗安全技术有限公司,西安-国家民用...,4.5-6千/月,06-13
Python开发工程师,上海东篱信息科技有限公司,上海-闵行区,1-2万/月,06-13
Python开发工程师,武汉格蓝若智能技术有限公司,武汉-东湖新技...,1-1.5万/月,06-13
python开发工程师（QT）,慧勒工程软件（上海）有限公司,武汉-洪山区,0.8-1.5万/月,06-13
Python开发工程师,北京公瑾科技有限公司广州分公司（慧算账）,广州-天河区,0.6-1.5万/月,06-13
Python开发工程师（南京）,深圳航天科创实业有限公司,南京,0.8-1万/月,06-13
Python开发工程师,深圳众禄基金销售股份有限公司,深圳,1.8-3万/月,06-13
Python开发工程师,上海牵翼网络科技有限公司,上海-徐汇区,7-8千/月,06-13
Python开发工程师,上海轩田工业设备有限公司,西安-高新技术...,0.8-1万/月,06-13
Python开发工程师,松下信息系統（上海）有限公司,无锡,0.8-1.5万/月,06-13
Python开发工程师,广州回头车信息科技有限公司,广州-天河区,1-2万/月,06-13
Python开发工程师,上海莫能臣智能科技有限公司,上海-杨浦区,0.8-1.2万/月,06-13
Python开发工程师/软件工程师,杭州研一智控科技有限公司,杭州-江干区,1-1.5万/月,06-13
Python开发工程师,深圳市易佰网络科技有限公司武汉分公司,武汉,1-1.5万/月,06-13
Python开发工程师（数据方向）,杭州安链智云科技有限公司,重庆-九龙坡区,1.5-2万/月,06-13
Python开发工程师,深湾创新技术（深圳）有限公司,深圳-南山区,1-1.8万/月,06-13
Python开发工程师,深圳众芳信息有限公司,深圳-龙华新区,0.8-1.5万/月,06-13
Python开发工程师,武汉海星通技术股份有限公司,武汉-江汉区,0.7-1万/月,06-13
python开发工程师,上海中畅信息科技有限公司,上海-浦东新区,1-1.5万/月,06-13
Python开发工程师,深圳市编玩边学教育科技有限公司,武汉,0.8-1.5万/月,06-13
Python开发工程师,上海名质网络科技有限公司,上海-闵行区,1-2万/月,06-13
Python开发工程师,北京科蓝软件系统股份有限公司,上海-黄浦区,1-1.5万/月,06-13
资深python开发工程师,嘉兴构美信息技术有限公司,杭州-江干区,1.8-2.5万/月,06-13
Python开发工程师,天津新智视讯技术股份有限公司,天津,1-1.5万/月,06-13
Python开发工程师,苏州金普软件科技有限公司,苏州-工业园区,0.6-1万/月,06-13
Python开发工程师,上海辰仕科技发展有限公司,南京-江宁区,1-2万/月,06-13
Python开发工程师,沈阳韩邦软件开发有限公司,沈阳,1-1.5万/月,06-13
Python开发工程师,大连华夏机床工具公司,大连-沙河口区,0.8-1.2万/月,06-13
Python开发工程师,深圳市达旭投资有限公司,深圳-龙岗区,1.5-2.5万/月,06-13
Python开发工程师,HCL Technologies (Shanghai) Limited,上海-浦东新区,1.6-2万/月,06-13
Python开发工程师,深圳市风云实业有限公司,成都-青羊区,0.8-1.5万/月,06-13
Python开发工程师,广东精点数据科技股份有限公司,广州-天河区,0.9-1.4万/月,06-13
Python开发工程师,深圳蒲公英农业科技有限公司,深圳-南山区,1.5-3万/月,06-13
Python开发工程师,上海兆豪信息技术有限公司,杭州-江干区,0.8-1.5万/月,06-13
Python开发工程师,升辉工艺（深圳）有限公司,深圳,6-8千/月,06-13
Python开发工程师,深圳市紫川软件有限公司,上海-浦东新区,1-1.5万/月,06-13
python开发工程师,上海杰奕信息技术有限公司,上海-虹口区,0.8-1.5万/月,06-13
Python开发工程师-财务报表平台,字节跳动,北京,2-4万/月,06-13
高级python开发工程师,广州网融信息技术有限公司,广州-海珠区,1.5-2万/月,06-13
Python开发工程师,深圳华云信息系统有限公司,深圳-福田区,1-1.5万/月,06-13
Python开发工程师,南京云思创智信息科技有限公司,南京-玄武区,0.8-1.5万/月,06-13
Python开发工程师,上海悦米信息技术有限公司,上海-徐汇区,1.5-2万/月,06-13
Python开发工程师,杭州沃趣科技股份有限公司,西安,1-2万/月,06-13
Python开发工程师,上海易宝软件有限公司深圳分公司,异地招聘,1-1.5万/月,06-13
Python开发工程师,中恒数字建造技术（苏州）有限公司,苏州-相城区,0.8-1万/月,06-13
Python开发工程师,深圳市前海欢雀科技有限公司,深圳,1.2-1.6万/月,06-13
Python开发工程师,广州市凯泽利科技有限公司,广州-天河区,5-7千/月,06-13
Python开发工程师,深圳市德科信息技术有限公司,深圳-宝安区,1.2-1.8万/月,06-13
python开发工程师（高级）,广州锦行网络科技有限公司,广州-天河区,1.5-3万/月,06-13
Python开发工程师(***),上海铠卡医疗器械贸易有限公司,上海,1000元/天,06-13
Python开发工程师,南京新港科技产业服务有限公司,南京-栖霞区,1-1.5万/月,06-13
Python开发工程师,上海卓盟信息科技有限公司,上海-闵行区,0.8-1.3万/月,06-13
Python开发工程师,北京科电航宇空间技术有限公司,成都-青羊区,1-1.5万/月,06-13
Python开发工程师（全职/***）,猪八戒股份有限公司,异地招聘,1.5-2万/月,06-13
Python开发工程师,上海锐赢信息技术有限公司,上海-浦东新区,1.5-2万/月,06-13
Python开发工程师,深圳星际超脑智能系统有限公司,深圳-福田区,1-1.5万/月,06-13
Python开发工程师,广州优视电子有限责任公司,广州-番禺区,0.5-1.2万/月,06-13
Python开发工程师,北京御芯微科技有限公司,重庆-沙坪坝区,0.7-1.2万/月,06-13
Python开发工程师,鲍洱（杭州）跨境电子商务有限责任公司,杭州-滨江区,1.2-1.7万/月,06-13
Python开发工程师（须懂ODOO框架）,深圳前海优管信息技术有限公司,深圳,0.8-1.5万/月,06-13
Python开发工程师,北京大申烽华科技有限责任公司,北京-海淀区,6-8千/月,06-13
Python开发工程师,上海易宝软件有限公司,成都-郫都区,0.9-1.6万/月,06-13
Python开发工程师,深圳市卓翼科技股份有限公司,深圳-南山区,1-1.5万/月,06-13
Python开发工程师,信雅达（杭州）计算机服务有限公司,杭州-滨江区,0.9-1.3万/月,06-13
Python开发工程师,湖南金烽信息科技有限公司,广州-天河区,0.9-1.8万/月,06-13
高薪诚聘Python开发工程师+可带薪培养,青岛乾璟昶盛信息服务有限公司,青岛-市北区,4.5-6千/月,06-13
Python开发工程师,深圳神木源科技有限公司,深圳-龙华新区,6-8千/月,06-13
python开发工程师（双休+奖金）,成都启锋科技有限公司,深圳-南山区,4.5-8千/月,06-13
Python开发工程师4,深圳神木源科技有限公司,深圳-南山区,6-8千/月,06-13
python开发工程师（双休+奖金）,邯郸市辰星网络科技有限公司,石家庄,4.5-8千/月,06-13
Python开发工程师,深圳市比一比网络科技有限公司,深圳-南山区,1.5-2万/月,06-13
Python开发工程师,中讯志远（武汉）科技有限公司,上海-徐汇区,1-1.5万/月,06-13
Python开发工程师,深圳市泽汇科技有限公司,深圳-龙岗区,0.6-1.2万/月,06-13
Python开发工程师实习,成都上鑫网络科技有限公司,成都-温江区,3-4千/月,06-13
Python开发工程师助理,河南艾茵斯物联网科技有限公司,郑州,4.5-6千/月,06-13
Python开发工程师,厦门互誉商贸有限公司,福州-仓山区,6-8千/月,06-13
Python开发工程师,江苏国华管塔制造有限公司,徐州,0.8-1.2万/月,06-13
Python开发工程师,天池创新（北京）软件技术有限公司,北京-海淀区,1.5-2万/月,06-13
Python开发工程师,江西裕滔实业集团有限公司,南昌-青云谱区,4.5-6千/月,06-13
Python开发工程师(J13862),银雁科技服务集团股份有限公司,深圳-福田区,0.8-1.2万/月,06-13
Python开发工程师,安徽三拓智能科技有限公司,合肥-经开区,4.5-6千/月,06-13
Python开发工程师,西安深思信息科技有限公司,西安-高新技术...,6-9千/月,06-13
Python开发工程师,东莞昆盈电脑制品有限公司,东莞,0.8-1.2万/月,06-13
python开发工程师,绫致时装（天津）有限公司,北京-朝阳区,1.5-2万/月,06-13
Python开发工程师,北京值得买科技股份有限公司青岛分公司,青岛-市北区,0.8-1.5万/月,06-13
Python开发工程师,武汉中链科技有限公司,武汉-洪山区,0.9-1.4万/月,06-13
Python开发工程师,上海凭安征信服务有限公司,上海-长宁区,1.2-2.5万/月,06-13
Python开发工程师,上海移远通信技术股份有限公司,合肥-高新区,0.8-1万/月,06-13
Python开发工程师,上海驿氪信息科技有限公司,上海-闵行区,20-30万/年,06-13
Python开发工程师,江苏润和软件股份有限公司,杭州-滨江区,0.8-2万/月,06-13
Python开发工程师,同业云（上海）人工智能科技有限公司,上海-长宁区,0.9-1.3万/月,06-13
RPA/.NET/Python开发工程师,普华永道商务服务（成都）有限公司,成都-高新区,6.5-8千/月,06-13
Python开发工程师,上海音明信息技术有限公司,上海-青浦区,1-1.5万/月,06-13
Python开发工程师,上海智德投资管理有限公司,上海,1-1.5万/月,06-13
Python开发工程师,深圳市木浪云数据有限公司,深圳,1.2-1.8万/月,06-13
Python开发工程师/前端/爬虫,深圳市宇达计算机有限公司,深圳-南山区,4.5-6千/月,06-13
Python开发工程师,小水滴科技,上海-浦东新区,1.5-2万/月,06-13
Python开发工程师,深圳中科软科技信息系统有限公司,深圳-福田区,0.8-1万/月,06-13
Python开发工程师,上海毅朝信息科技有限公司,上海-浦东新区,0.8-1.2万/月,06-13
Python开发工程师,武汉三仓出版策划有限公司,武汉-东湖新技...,7-9千/月,06-13
Python开发工程师,深圳万拓科技创新有限公司,深圳-南山区,1.5-2.5万/月,06-13
Python开发工程师,深圳市网新新思软件有限公司,上海-徐汇区,1-1.5万/月,06-13
Python开发工程师,苏州微智汇信息科技有限公司,苏州-工业园区,4.5-6千/月,06-13
Python开发工程师,杭州万纵信息科技有限公司,杭州,0.8-1.5万/月,06-13
Python开发工程师,成都萌想科技有限责任公司,成都-高新区,1-1.8万/月,06-13
Python开发工程师,广州中长康达信息技术有限公司,广州,0.8-1.1万/月,06-13
Python开发工程师,深圳市斯瑞达电子有限公司,深圳-宝安区,7-9千/月,06-13
Python开发工程师,苏州黑云信息科技有限公司,苏州-工业园区,0.7-1.2万/月,06-13
Python开发工程师,浙江康旭科技有限公司,杭州,1-1.5万/月,06-13
Python开发工程师,湖南雨人网络安全技术股份有限公司,长沙-岳麓区,0.8-1.2万/月,06-12
Python开发工程师,深圳市德科信息技术有限公司,广州-天河区,0.8-1.2万/月,06-12
Python开发工程师,康博嘉信息科技（北京）股份有限公司武汉分公司,武汉,6-7千/月,06-12
Python开发工程师,硕橙（厦门）科技有限公司,厦门,0.8-1.5万/月,06-12
Python开发工程师,知昇（上海）人工智能科技有限公司,上海-松江区,0.8-1万/月,06-12
Python开发工程师,上海占域实业有限公司,苏州,6-8千/月,06-12
Python开发工程师,浙江华治数聚科技股份有限公司,北京-海淀区,1-1.5万/月,06-12
C++,python开发工程师,杭州金时资产管理有限公司,杭州-西湖区,15-50万/年,06-12
Python开发工程师,无锡开普勒信息技术有限公司,异地招聘,0.4-1.2万/月,06-12
Python开发工程师（中级）,天津鑫裕建设发展股份有限公司,天津-河西区,0.6-1.2万/月,06-12
Python开发工程师,广州市凝智科技有限公司,广州,0.8-1.2万/月,06-12
Python开发工程师,武汉云外恒信息技术有限公司,武汉-洪山区,1.5-2万/月,06-12
Python开发工程师,上海天玑科技股份有限公司,北京-朝阳区,0.8-1.5万/月,06-12
Python开发工程师,云汉芯城（上海）互联网科技股份有限公司,上海-松江区,1.5-2.5万/月,06-12
python开发工程师-北京,中电福富信息科技有限公司,北京-海淀区,1-1.5万/月,06-12
python开发工程师-A0122,上海合合信息科技发展有限公司,上海-静安区,1-1.5万/月,06-12
Python开发工程师,上海铂联通信技术有限公司,武汉-武昌区,6-8千/月,06-12
Python开发工程师,中软国际科技服务有限公司,成都-锦江区,1-1.5万/月,06-12
Python开发工程师,上海沪万智能科技有限公司,上海-长宁区,0.7-1.5万/月,06-12
Python开发工程师,西安先驱电子科技有限公司,西安,4.5-6千/月,06-12
Python开发工程师实习生,绿之能科技,西安-碑林区,4.5-6千/月,06-12
Python开发工程师实习岗,西安长城华韵电子科技有限公司,西安-碑林区,3-4.5千/月,06-12
Python开发工程师,亿达信息技术有限公司,大连,0.6-1.2万/月,06-12
中高级python开发工程师,智线云科技（北京）有限公司武汉分公司,武汉-洪山区,1.2-1.8万/月,06-12
Python开发工程师,广州点服网络科技有限公司,广州-天河区,0.6-1万/月,06-12
Python开发工程师,深圳楚星软件有限公司,深圳-南山区,1.2-1.8万/月,06-12
Python开发工程师,浙江中建网络科技股份有限公司,杭州-滨江区,1-1.5万/月,06-12
高级python开发工程师,成都海德在线教育科技有限公司,成都-锦江区,1.5-2万/月,06-12
Python开发工程师,广东尚源信息技术有限公司,佛山,3.5-7千/月,06-12
Python开发工程师,深圳市联畅信息技术有限公司,深圳-福田区,1-1.7万/月,06-12
Python开发工程师,深圳市法本信息技术有限公司上海分公司,北京,1.5-2.2万/月,06-12
python开发工程师,深圳市乐易网络股份有限公司,深圳-南山区,1-2万/月,06-12
Python开发工程师,常州科睿达信息科技有限公司,上海-青浦区,1-1.5万/月,06-12
Python开发工程师,深圳兆日科技股份有限公司,深圳-福田区,1.1-2万/月,06-12
Python开发工程师,江苏金智锐智能科技有限公司,苏州-工业园区,0.8-1万/月,06-12
Python开发工程师,上海大智慧股份有限公司,上海-浦东新区,1.5-2万/月,06-12
Python开发工程师,北京会畅教育科技有限公司,南京-建邺区,1.5-3万/月,06-12
Python开发工程师,深圳希施玛数据科技有限公司,深圳-南山区,1.4-1.8万/月,06-12
Python开发工程师,上海游讯信息科技有限公司,异地招聘,1-1.5万/月,06-12
Python开发工程师-北京-00113,北软互联（北京）科技有限公司,北京,1-1.5万/月,06-12
Python开发工程师,上海维弘信息科技有限公司,上海-长宁区,1-1.5万/月,06-12
Python开发工程师,上海华依科技集团股份有限公司,上海-浦东新区,0.8-1.5万/月,06-12
Python开发工程师,武汉康圣达医学检验所有限公司,武汉-洪山区,0.8-1.5万/月,06-12
Python开发工程师,杭州河象网络科技有限公司,杭州-余杭区,0.9-1.3万/月,06-12
Python开发工程师,北京法意科技有限公司福州分公司,福州,0.8-1.8万/月,06-12
Python开发工程师,深圳道乐科技有限公司,广州,0.8-1万/月,06-12
Python开发工程师,深圳市三锐联合科技有限公司,深圳-龙岗区,0.8-2万/月,06-12
高级Python开发工程师,亚信科技（成都）有限公司,成都,1.5-2万/月,06-12
Python开发工程师,江苏茂丰人力资源管理有限公司,杭州-余杭区,1-1.5万/月,06-12
Python开发工程师,四川万达酒业有限公司,成都,6-8千/月,06-12
Python开发工程师,深圳市安之天信息技术有限公司,深圳-宝安区,0.8-1.2万/月,06-12
Python开发工程师,青牛智胜（深圳）科技有限公司,深圳-南山区,1.5-2.5万/月,06-12
Python开发工程师,大连铭信科技发展有限公司,大连-高新园区,0.8-1.3万/月,06-12
Python开发工程师,深圳市盛凯信息科技有限公司,深圳-龙岗区,0.8-1万/月,06-12
Python开发工程师,上海罗盘信息科技有限公司,武汉-武昌区,0.8-1.5万/月,06-12
Python开发工程师,河南省曲速信息科技有限公司,郑州-高新区,4-7千/月,06-12
Python开发工程师,广州悦谦科技有限公司,广州-海珠区,1.5-3万/月,06-12
Python开发工程师,赛伯尔（大连）信息技术咨询有限公司,大连-高新园区,0.8-1万/月,06-12
Python开发工程师,北京外企德科人力资源服务上海有限公司,杭州-滨江区,2-2.5万/月,06-12
Python开发工程师,上海祉云医疗科技有限公司,上海-浦东新区,1.5-2万/月,06-12
Python开发工程师,武汉中纪生物科技有限公司,武汉-东湖新技...,0.8-1.2万/月,06-12
Python开发工程师,申朴信息技术（上海）股份有限公司,上海-浦东新区,1-1.7万/月,06-12
Python开发工程师,苏州庆欣电子有限公司,昆山,4.5-6千/月,06-12
Python开发工程师,北京硬盒科技有限公司,上海-杨浦区,1.5-2万/月,06-12
Python开发工程师,蜂助手股份有限公司,广州-天河区,0.8-1.2万/月,06-12
Python开发工程师,杭州迦智科技有限公司,杭州-滨江区,0.8-1.3万/月,06-12
Python开发工程师,上海治熵信息科技有限公司,上海,1-1.5万/月,06-12
Python开发工程师,衍生（深圳）投资基金管理有限公司,深圳,1-2万/月,06-12
python开发工程师,宁波渠成集团有限公司,宁波,12-20万/年,06-12
Python开发工程师,广州深声科技有限公司,广州-天河区,0.9-1.5万/月,06-12
python开发工程师,360金融,北京-朝阳区,2.5-4万/月,06-12
Python开发工程师,上海晓联信息技术有限公司,上海-浦东新区,1-1.5万/月,06-12
Python开发工程师,深圳市鼎驰科技发展有限公司,深圳-福田区,1-1.5万/月,06-12
Python开发工程师,深圳快捷达贸易有限公司,深圳,1.5-2万/月,06-12
Python开发工程师,百联全渠道电子商务有限公司,上海,1.5-2.5万/月,06-12
Python开发工程师,上海宽带技术及应用工程研究中心,上海-静安区,1-1.5万/月,06-12
Python开发工程师,联想中望系统服务有限公司（现越亮传奇科技股份有限公司）,苏州-高新区,0.8-1.3万/月,06-12
python开发工程师,深圳荷花网络科技有限公司,异地招聘,1-1.5万/月,06-12
Python开发工程师,广州登高科技有限公司,广州-黄埔区,4.5-6千/月,06-12
Python开发工程师,上海犇众信息技术有限公司,上海-闵行区,1.2-2万/月,06-12
Python开发工程师,上海点正互联网科技有限公司,上海,0.8-1.2万/月,06-12
Python开发工程师,深圳市杉岩数据技术有限公司,深圳,1.2-1.8万/月,06-12
Perl/Python开发工程师,天津恩梯梯数据有限公司,天津,6-8千/月,06-12
Python开发工程师,深圳市对庄科技有限公司,广州-荔湾区,1-1.5万/月,06-12
Python开发工程师,浙江快准车服网络科技有限公司,异地招聘,1-1.5万/月,06-12
Python开发工程师,江苏筑牛网络科技有限公司苏州运营中心,苏州-姑苏区,1-1.5万/月,06-12
Python开发工程师,路路加数字科技有限公司,南京,1-1.5万/月,06-12
Python开发工程师,中亘兰谷安全科技（上海）有限公司,上海-闵行区,1.2-2万/月,06-12
Python开发工程师,上海华钦信息科技股份有限公司,上海-杨浦区,1.5-2.5万/月,06-12
Python开发工程师/讲师,如皋中软国际信息技术有限公司,异地招聘,1.3-1.8万/月,06-12
Python开发工程师,中联资产评估集团重庆汇智丰有限公司,重庆-渝中区,0.7-1.2万/月,06-12
资深Python开发工程师,上海乐言信息科技有限公司,上海-长宁区,2-3.5万/月,06-12
Python开发工程师,上海煜暖实业有限公司,上海-浦东新区,6-8千/月,06-12
Python开发工程师,北京斯普信信息技术有限公司,北京,1-1.5万/月,06-12
Python开发工程师,成都创富世纪商务咨询有限公司,成都-锦江区,6-8千/月,06-12
Python开发工程师,上海美市科技有限公司,上海-徐汇区,1-1.5万/月,06-12
Python开发工程师,上海世沃信息科技有限公司,上海-徐汇区,1-2万/月,06-12
python开发工程师,澳鹏科技（无锡）有限公司,无锡-无锡新区,4.5-6千/月,06-12
Python开发工程师,南京宝正见企业管理有限公司,南京,0.8-1.5万/月,06-12
Python开发工程师,北京中软融通科技有限公司,北京,0.7-2万/月,06-12
Python开发工程师,蓝盾信息安全技术股份有限公司,广州,0.8-1万/月,06-12
Python开发工程师,成都迈思信息技术有限公司,深圳,1-1.5万/月,06-12
Python开发工程师,亚创（上海）工程技术有限公司,上海,1-2万/月,06-12
Python开发工程师,苏州乔客云数据科技有限公司,上海,0.8-1.2万/月,06-12
Python开发工程师-苏州,深圳市讯方技术股份有限公司,苏州,0.8-1万/月,06-12
Python开发工程师,深圳房讯通信息技术有限公司,深圳-南山区,1.8-2.3万/月,06-12
Python开发工程师,武汉安天信息技术有限责任公司,武汉,1.1-1.8万/月,06-12
Python开发工程师,广东星舆科技有限公司,广州-天河区,1-1.5万/月,06-12
Python开发工程师,北京安德医智科技有限公司,北京,1-1.8万/月,06-12
Python开发工程师,深圳市铱硙医疗科技有限公司,深圳-南山区,1-1.5万/月,06-12
Python开发工程师,上海财联社金融科技有限公司,上海,1-1.5万/月,06-12
高级Python开发工程师,华世界控股集团,深圳-龙岗区,1.5-2.5万/月,06-12
Python开发工程师,青岛工业软件研究所,青岛-高新区,0.6-1万/月,06-12
Python开发工程师,广州众成医疗器械产业发展有限公司,广州-越秀区,0.8-1万/月,06-12
Python开发工程师,北京联龙博通电子商务技术有限公司,杭州-滨江区,1.2-1.8万/月,06-12
Python开发工程师,安徽航天信息科技有限公司,合肥-高新区,0.4-1万/月,06-12
Python开发工程师（黄岛区）,青岛艾德软件有限公司,青岛-黄岛区,0.5-1万/月,06-12
Python开发工程师,陕西十月文物保护有限公司,西安-雁塔区,1-2万/月,06-12
Python开发工程师,广州康睿智能科技有限公司,广州-海珠区,0.8-1.2万/月,06-12
Python开发工程师,苏州新亚科技有限公司,异地招聘,6-8千/月,06-12
Python开发工程师,深圳市艾特天下技术有限公司,深圳-南山区,0.8-1万/月,06-12
Python开发工程师,杭州深绘智能科技有限公司,成都-双流区,1-1.5万/月,06-12
上市医药公司,万宝盛华企业管理咨询（上海）有限公司,上海-浦东新区,12-18万/年,06-12
python开发工程师,上海全卫物业管理有限公司,上海-杨浦区,1-1.5万/月,06-12
Python开发工程师,深圳市网安计算机安全检测技术有限公司,深圳,1-1.5万/月,06-12
Python开发工程师,北京寄云鼎城科技有限公司,北京-海淀区,1.5-2万/月,06-12
Python开发工程师-北京,杭州迪普科技股份有限公司,北京-海淀区,1-2万/月,06-12
高级Python开发工程师,苏州智铸通信科技股份有限公司,天津-西青区,1-1.5万/月,06-12
python开发工程师,沈阳多码斯信息技术有限公司,沈阳-浑南区,4.5-8千/月,06-12
python开发工程师（南宁）,深圳市馨瑞科技有限公司,南宁,0.8-1万/月,06-12
Python开发工程师,南京擎盾信息科技有限公司,南京-雨花台区,1-1.8万/月,06-12
Python开发工程师,上海万历报关有限公司,上海-浦东新区,1.2-2万/月,06-12
Python开发工程师,安徽斛兵信息科技有限公司,合肥-经开区,0.8-1.2万/月,06-12
Python开发工程师,深圳市菁优智慧教育股份有限公司,深圳-南山区,1-1.5万/月,06-12
Python开发工程师,浙江迈睿机器人有限公司,杭州,1-1.5万/月,06-12
Python开发工程师,深圳市前沿软件开发有限公司,广州-白云区,6-8千/月,06-12
8K+初级Python开发工程师+双休五险,长沙紫檀数据科技有限公司,长沙-岳麓区,6-8千/月,06-12
Python开发工程师,宏兆集团,深圳-南山区,0.8-1.5万/月,06-12
Python开发工程师,郑州软通合力计算机技术有限公司,异地招聘,5-7千/月,06-12
Python开发工程师,深圳君拓科技有限公司,中山,1.5-2.5万/月,06-12
Python开发工程师,云南紫米科技有限公司,昆明,0.8-1万/月,06-12
Python开发工程师,浙江一舟电子科技股份有限公司,宁波-鄞州区,10-15万/年,06-12
Python开发工程师,广州高禾泰信息科技有限公司,广州-黄埔区,1.2-2万/月,06-12
Python开发工程师,米思米（中国）精密机械贸易有限公司,上海-静安区,1-2.2万/月,06-12
Python开发工程师,珠海安士佳电子有限公司,珠海,1-1.5万/月,06-12
Python开发工程师,绍兴鑫隆计算机技术股份有限公司,绍兴,5-9千/月,06-12
Python开发工程师,深圳市光逸科技创新有限公司,深圳-福田区,1.5-2万/月,06-12
Python开发工程师,杭州优灿科技有限公司,异地招聘,1-2万/月,06-12
Python开发工程师,武汉楚精灵医疗科技有限公司,武汉-洪山区,1-1.5万/月,06-12
Python开发工程师,广东一鸣信息科技有限公司,东莞-南城区,0.8-1.5万/月,06-12
Python开发工程师,武汉千手数位科技有限公司,武汉-青山区,1-2万/月,06-12
Python开发工程师,大参林医药集团股份有限公司,广州,1-1.5万/月,06-12
高级Python开发工程师,深圳市达熙科技有限公司,深圳,2-3.5万/月,06-12
Python开发工程师,上海珂绘数码影像科技有限公司,上海-闵行区,0.8-1万/月,06-12
Python开发工程师,上海才扬软件科技有限公司,上海,1.2-2万/月,06-12
Python开发工程师,上海百润投资控股集团股份有限公司,上海-浦东新区,1.2-1.8万/月,06-12
Python开发工程师,浙江力太工业互联网有限公司,杭州-滨江区,1-1.5万/月,06-12
Python开发工程师,上海量投网络科技有限公司,上海,1-1.5万/月,06-11
资深Python开发工程师,浙江国自机器人技术股份有限公司,杭州-滨江区,1.5-2万/月,06-11
Python开发工程师,深圳银澎云计算有限公司,深圳-南山区,0.8-1万/月,06-11
高级Python开发工程师,有因信息科技（上海）有限公司,上海-闵行区,1.5-2.5万/月,06-11
Python开发工程师,天聚地合（苏州）数据股份有限公司,苏州-工业园区,1-2万/月,06-11
Python开发工程师,优维科技（深圳）有限公司,上海-浦东新区,1.1-2万/月,06-11
Python开发工程师,上海彩虹鱼海洋科技股份有限公司,上海-徐汇区,0.6-2万/月,06-11
python开发工程师,广州亚美信息科技有限公司,广州,1.5-2.2万/月,06-11
Python开发工程师,爱立信信息技术服务（中国）有限公司,郑州,0.8-1.4万/月,06-11
Python开发工程师,广东广宇科技发展有限公司,佛山-南海区,7-8.5千/月,06-11
中高级Python开发工程师,南京赛宁信息技术有限公司,异地招聘,1.5-2万/月,06-11
Python开发工程师,深圳赢领通科技有限公司,深圳-龙华新区,2-3万/月,06-11
Python开发工程师,宁波易简电子科技有限公司,宁波,0.6-1万/月,06-11
Python开发工程师,海南太美航空股份有限公司,海南省,6-8千/月,06-11
Python开发工程师,北京新大陆时代教育科技有限公司,福州,0.9-1.8万/月,06-11
Python开发工程师,喜科（上海）软件系统有限公司,上海-徐汇区,1.3-1.8万/月,06-11
Python开发工程师,广州寄锦教育科技有限公司,广州-天河区,1-1.5万/月,06-11
Python开发工程师,安城企业管理咨询（大连）有限公司,大连,1-1.5万/月,06-11
Python开发工程师,深圳亿腾信息科技有限公司,深圳-南山区,1.5-2万/月,06-11
Python开发工程师,上海图灵医疗科技有限公司,上海-闵行区,0.8-1万/月,06-11
Python开发工程师,中山市万得福电子热控科技有限公司,中山,4-8千/月,06-11
Python开发工程师,武汉佰钧成技术有限责任公司,杭州-余杭区,1-1.5万/月,06-11
Python开发工程师,河南八六三软件股份有限公司,郑州,0.8-1万/月,06-11
Python开发工程师,广东新源信息技术有限公司,长沙,0.5-1万/月,06-11
python开发工程师（清洗组）,苏州贝尔塔数据技术有限公司,苏州,0.8-1.3万/月,06-11
Python开发工程师,苏州百捷信息科技有限公司,广州-越秀区,0.8-1万/月,06-11
Python开发工程师,深圳市大富科技股份有限公司,深圳-南山区,0.8-1.5万/月,06-11
Python开发工程师,云润大数据服务有限公司,广州,0.8-1.5万/月,06-11
Python开发工程师,杭州半云科技有限公司,福州,0.7-1.2万/月,06-11
Python开发工程师,苏州海管家物流科技有限公司,苏州-工业园区,0.9-1.3万/月,06-11
Python开发工程师,广州好推网络科技有限公司,广州-天河区,1.5-2.5万/月,06-11
Python开发工程师,广东赛百威信息科技有限公司,广州-越秀区,0.8-1万/月,06-11
Python开发工程师,华为三立（北京）能源科技有限公司,西安-雁塔区,1-1.5万/月,06-11
Python开发工程师,沈阳华信教育科技有限公司,沈阳-铁西区,0.8-1万/月,06-11
Python开发工程师,深圳十方融海科技有限公司,深圳-南山区,1.5-2万/月,06-11
Python开发工程师（工作地点：江苏常州）,深圳市中易腾达科技股份有限公司,异地招聘,0.8-1万/月,06-11
Python开发工程师,成都安美勤信息技术股份有限公司,成都-高新区,6.5-9千/月,06-11
Python开发工程师,普华永道信息技术（上海）有限公司,上海-浦东新区,17-30万/年,06-11
Python开发工程师,广州华建工智慧科技有限公司,广州-黄埔区,1-1.5万/月,06-11
Python开发工程师,上海森松制药设备工程有限公司,上海,15-20万/年,06-11
Python开发工程师,合肥市合趣网络科技有限公司,合肥,0.8-1.5万/月,06-11
Python开发工程师,大连必捷必信息技术有限公司,大连-高新园区,0.8-1.5万/月,06-11
Python开发工程师,北京易华录信息技术股份有限公司,天津-津南区,1-1.5万/月,06-11
Python开发工程师,特力惠信息科技股份有限公司,福州-鼓楼区,0.6-1.5万/月,06-10
Python开发工程师,因诺（上海）资产管理有限公司,北京-西城区,1-2万/月,06-10
Python开发工程师,杭州飞享数据技术有限公司,杭州,1.5-2万/月,06-10
Python开发工程师,广州五壹工程师信息技术有限公司,石家庄,4.5-6千/月,06-10
Python开发工程师,广州亿速云计算有限公司,广州-越秀区,1-1.5万/月,06-10
Python开发工程师,浙江优创信息技术有限公司,杭州-滨江区,0.8-1万/月,06-10
Python开发工程师,新海科技集团有限公司,宁波-慈溪市,4-6千/月,06-10
Python开发工程师,昆山微远信息技术有限公司,异地招聘,1-1.5万/月,06-10
高级Python开发工程师,大连同方软银科技股份有限公司,大连-沙河口区,1-2万/月,06-10
Python开发工程师,江苏巴比伦网络科技股份有限公司,无锡-梁溪区,1.5-2万/月,06-10
Python开发工程师,沈阳信诚计算机信息技术有限公司,北京-海淀区,1.2-1.6万/月,06-10
Python开发工程师,环球印务,西安-高新技术...,6-8千/月,06-10
Python开发工程师,南京数坤信息科技有限公司,南京-鼓楼区,1-2万/月,06-10
Python开发工程师,奥博杰天软件（北京）有限公司西安分公司,西安-高新技术...,1-1.5万/月,06-10
Python开发工程师,深圳市赢时胜信息技术股份有限公司长沙分公司,长沙-开福区,0.8-1.2万/月,06-10
Python开发工程师,武汉辰垚网络科技有限公司,武汉-洪山区,6-8千/月,06-10
Python开发工程师,鸿播（上海）投资管理有限公司,上海-黄浦区,1.5-2万/月,06-10
python开发工程师（舆情方向）,太极计算机股份有限公司,北京-朝阳区,1.1-1.8万/月,06-10
Python开发工程师,广州市广农数链信息科技有限公司,广州-黄埔区,12-18万/年,06-10
python开发工程师,“前程无忧”51job.com（光谷）,武汉-洪山区,8-10万/年,06-10
Python开发工程师-广州,南京迈特望科技股份有限公司,广州-天河区,1-1.5万/月,06-10
Python开发工程师,随锐科技集团股份有限公司,北京-海淀区,2-2.5万/月,06-10
Python开发工程师（大学讲师）,江西信息应用职业技术学院数字技术学院,南昌,0.6-1万/月,06-10
Python开发工程师,江苏立华牧业股份有限公司,常州,1.2-1.6万/月,06-10
Python开发工程师,吉林省吉林祥云信息技术有限公司,长春-净月经济...,0.8-1万/月,06-10
初级python开发工程师,上海吉贝克信息技术有限公司,上海-黄浦区,1-1.8万/月,06-10
Python开发工程师,银盛科技服务集团有限公司,深圳-龙华新区,1.5-2万/月,06-10
Python开发工程师,西安智园软件开发管理有限公司,西安,1-1.5万/月,06-09
Python开发工程师,麦田春雪科贸（北京）有限公司,成都-金牛区,1.5-2万/月,06-09
Python开发工程师,上海欧锐信息咨询有限公司,上海-杨浦区,0.8-1.2万/月,06-09
Python开发工程师,北京捷科智诚科技有限公司,异地招聘,1.2-2.6万/月,06-09
Python开发工程师,南京创优科技有限责任公司,南京,1-1.5万/月,06-09
Python开发工程师,深圳市兴海物联科技有限公司,深圳-南山区,1.3-2万/月,06-09
Python开发工程师,广州瑞云网络科技有限公司,广州,1-2万/月,06-09
Python开发工程师,南通贝法瑞信息科技有限公司,上海-浦东新区,6-8千/月,06-09
Python开发工程师,星云海数字科技股份有限公司,武汉,0.8-1.2万/月,06-09
Python开发工程师,南京中孚信息技术有限公司,南京-浦口区,1-1.5万/月,06-09
python开发工程师(J10432),上海驻云信息科技有限公司,上海-浦东新区,1.2-1.6万/月,06-09
Python开发工程师,奥动新能源汽车科技有限公司,上海-浦东新区,15-25万/年,06-09
Python开发工程师,广州国交润万交通信息有限公司,广州,1-1.5万/月,06-09
Python开发工程师,广州宝巨信息技术有限公司,广州,0.8-1.5万/月,06-09
Python开发工程师,苏州云意天下网络科技有限公司,昆山,0.8-1万/月,06-08
101010-Python开发工程师,常州英集动力科技有限公司,常州-新北区,0.6-1.1万/月,06-08
Python开发工程师,瞬联软件科技（北京）有限公司 CIeNET Technologies,上海,1-1.8万/月,06-08
Python开发工程师,天津华来科技有限公司,天津-南开区,0.6-1.2万/月,06-08
python开发工程师(讲师),广西厚溥教育科技有限公司,梧州,6-8千/月,06-08
Python开发工程师,重庆瑞众联科技有限公司,重庆-渝北区,3-5千/月,06-08
Python开发工程师,海纳英才信息技术（深圳）有限公司,深圳-南山区,1-1.5万/月,06-08
Python开发工程师,深圳市宇航软件股份有限公司,深圳-龙岗区,1.5-2万/月,06-08
Python开发工程师,武汉光庭信息技术股份有限公司,武汉-东湖新技...,1-1.5万/月,06-08
Python开发工程师,深圳市星月传奇科技有限公司,深圳-南山区,1-1.5万/月,06-08
Python开发工程师,北京海天起点技术服务股份有限公司,南京-玄武区,1.2-1.6万/月,06-08
Python开发工程师,北京华文天元信息咨询有限公司,北京-朝阳区,0.8-1.5万/月,06-08
Python开发工程师,深圳极联信息技术股份有限公司,北京-海淀区,1.2-1.5万/月,06-08
Python开发工程师,北明软件有限公司,北京-朝阳区,1-1.5万/月,06-08
python开发工程师（数据爬取）,上海卡方信息科技有限公司,杭州-滨江区,1-1.5万/月,06-08
Python开发工程师,普元信息技术股份有限公司,上海-浦东新区,1-1.5万/月,06-08
C/C++/Python开发工程师,上海工业自动化仪表研究院有限公司,上海-徐汇区,15-20万/年,06-08
Python开发工程师,苏州奇梦者网络科技有限公司,苏州-工业园区,0.6-1万/月,06-08
Python开发工程师,苏州通商软件科技有限公司,苏州-相城区,0.8-1.3万/月,06-08
Python开发工程师,苏州城方信息技术有限公司,苏州-工业园区,0.7-1.2万/月,06-07
Python开发工程师,美库尔商务信息咨询有限公司,南京-浦口区,1-1.6万/月,06-07
python开发工程师,广州上铨计算机系统有限公司,广州-天河区,4.5-6千/月,06-07
Python开发工程师,江苏鑫合易家信息技术有限责任公司,南京-浦口区,0.7-1.2万/月,06-06
python开发工程师,天津达因建材有限公司,天津-滨海新区,0.8-1.3万/月,06-06
Python开发工程师,广东钳钳科技有限公司,异地招聘,1-1.5万/月,06-06
Python开发工程师,北京海量数据技术股份有限公司,上海-浦东新区,1.4-1.8万/月,06-06
Python开发工程师,北京电旗通讯技术股份有限公司,长沙-雨花区,4-7千/月,06-05
Python开发工程师,建活贸易（深圳）有限公司,深圳-南山区,7-9.5千/月,06-05
Python开发工程师,深圳市悟空跨境科技有限公司,深圳-南山区,1-1.5万/月,06-05
YX00-Python开发工程师,云南远信科技有限公司,昆明-官渡区,4-8千/月,06-05
Python开发工程师,郑州郑大信息技术有限公司,郑州-高新区,6-8千/月,06-05
Python开发工程师,杭州十二章纹文化传播有限公司,杭州-余杭区,0.8-1.2万/月,06-04
高级python开发工程师,达观数据,成都,1.8-2.8万/月,06-04
P0076-python开发工程师,中盈优创资讯科技有限公司,上海-浦东新区,1-2万/月,06-04
Python开发工程师,昆山能脉信息科技有限公司,异地招聘,1-1.5万/月,06-04
Python开发工程师,北京三六九数动科技有限公司,北京-朝阳区,2-2.5万/月,06-04
Python开发工程师,浙江墨芷信息科技有限公司,嘉兴,6-8千/月,06-04
Python开发工程师,北京奇观技术有限责任公司,南阳,4.5-6千/月,06-04
Python开发工程师,成都思而科软件有限公司,成都,0.8-1.5万/月,06-03
Python开发工程师,安徽商信政通信息技术股份有限公司,合肥,0.8-1.2万/月,06-03
Python开发工程师,深圳易信科技股份有限公司,深圳-南山区,6-8千/月,06-03
Python开发工程师,上海玉越信息技术有限公司,上海-徐汇区,1.1-2万/月,06-03
Python开发工程师,深圳市壹佳壹信息技术有限公司,深圳-龙岗区,1-1.5万/月,06-03
Python开发工程师,深圳乐通信息技术有限公司,深圳-南山区,1-2万/月,06-03
Python开发工程师,四川真视界企业管理咨询有限公司,成都-高新区,4-5千/月,06-03
Python开发工程师,扬州航盛科技有限公司,扬州,0.8-1.2万/月,06-02
Python开发工程师,上海进馨网络科技有限公司（纳米盒）,上海-浦东新区,1.5-3万/月,06-02
Python开发工程师,江苏乐道胡巴投资管理有限公司,无锡-滨湖区,0.6-1万/月,06-02
Python开发工程师,上海华铭智能终端设备股份有限公司,上海,1-1.5万/月,06-02
Python开发工程师,深圳市火乐科技发展有限公司,深圳,1.3-2.6万/月,06-02
Python开发工程师,深圳市搜电科技发展有限公司,深圳-南山区,1.8-3万/月,06-02
Python开发工程师,北京达美盛软件股份有限公司,长沙,0.8-1.5万/月,06-02
Python开发工程师,上海通办信息服务有限公司,上海-静安区,0.8-1万/月,06-01
Python开发工程师,深圳生理科技有限公司,深圳-南山区,1-1.5万/月,06-01
python开发工程师,武汉尚软科技有限公司,武汉-洪山区,1-5万/月,06-01
Python开发工程师,南京云信达科技有限公司,南京-浦口区,1.5-2万/月,06-01
Python开发工程师,上海飞络信息科技有限公司,上海,0.8-1.5万/月,06-01
Python开发工程师,北京泛鹏天地科技股份有限公司,上海-浦东新区,1.5-2万/月,06-01
Python开发工程师,上海趋佳信息科技有限公司,上海-浦东新区,1.5-2.2万/月,06-01
Python开发工程师---0201,北京视野金融信息服务有限公司,北京-海淀区,1.5-2.5万/月,05-31
中高级Python开发工程师,北京启明星辰信息安全技术有限公司,北京,1.5-2.5万/月,05-31
Python开发工程师,钱咖网络科技（上海）有限公司,上海-黄浦区,1.5-2.5万/月,05-31
Python开发工程师,深圳市赢时胜信息技术股份有限公司上海分公司,上海-浦东新区,1-1.5万/月,05-31
Python开发工程师,中赢智数（广东）科技有限公司,广州-天河区,0.6-1万/月,05-31
Python开发工程师（华科国家数控中心联合）,武汉华中数控股份有限公司,武汉-洪山区,1-1.6万/月,05-31
Python开发工程师,珠海金刚科技有限公司,珠海-香洲区,0.6-1万/月,05-30
Python开发工程师,深圳新河通创科技有限公司,深圳-福田区,1-1.5万/月,05-30
Python开发工程师,深圳市先行设备科技有限公司,深圳-龙岗区,1-1.5万/月,05-30
Python开发工程师,北京友聚四海网络科技有限公司,北京-朝阳区,1.5-2万/月,05-30
Python开发工程师,京北方信息技术股份有限公司,上海-浦东新区,1.4-1.8万/月,05-30
Python开发工程师,浩鲸云计算科技股份有限公司,广州-番禺区,1.2-2万/月,05-29
Python开发工程师,元大数据服务（深圳）有限公司,深圳-宝安区,1-1.3万/月,05-29
Python开发工程师,南京东创信通物联网研究院有限公司,南京-栖霞区,0.8-1.2万/月,05-29
Python开发工程师,中国太平洋保险（集团）股份有限公司,上海-徐汇区,15-25万/年,05-28
Python开发工程师,广州迅易科技有限公司,广州-海珠区,1.8-2.5万/月,05-28
Python开发工程师,成都途盛科技有限公司,成都-高新区,0.8-1万/月,05-28
python开发工程师/大数据建模,诺贝尔曼（上海）商业投资管理有限公司,上海-黄浦区,6-8千/月,05-28
Python开发工程师,广州宝立科技有限公司,广州-天河区,0.9-1.4万/月,05-28
Python开发工程师,翰竺科技（北京）有限公司,北京,1.5-2.5万/月,05-28
Python开发工程师,美亚商旅集团,广州-天河区,0.6-1.2万/月,05-28
Python开发工程师,青岛绿洲创智科技信息有限公司,青岛-崂山区,0.8-1万/月,05-27
Python开发工程师,北京凯普顿医药科技开发有限公司,北京-西城区,1-2万/月,05-27
Python开发工程师,浙江诺诺网络科技有限公司,杭州,1.5-2.5万/月,05-26
Python开发工程师,北京阿拉丁立方信息技术有限公司,北京-朝阳区,1-1.5万/月,05-26
Python开发工程师,德硕管理咨询（深圳）有限公司,深圳-福田区,0.8-1.5万/月,05-26
Python开发工程师,上海瀚途网络技术有限公司,上海-杨浦区,1.5-2万/月,05-26
Python开发工程师,北京神州新桥科技有限公司,北京-海淀区,1-2万/月,05-26
Python开发工程师,湖南六星教育网络科技有限公司,长沙-岳麓区,4-8千/月,05-26
Python开发工程师,湖南中昱智云物联科技有限公司,长沙-岳麓区,1-1.5万/月,05-26
Python开发工程师,深圳市睿服科技有限公司,深圳,1.3-1.6万/月,05-26
Python开发工程师,它思科技（天津）有限公司,异地招聘,1-1.5万/月,05-26
python开发工程师,北京永信至诚科技股份有限公司,北京-海淀区,1-1.5万/月,05-26
Python开发工程师,苏州派维斯信息科技有限公司,苏州-高新区,5-8千/月,05-25
Python开发工程师,深圳市卓易梓网络科技有限公司,深圳-龙岗区,1.5-2万/月,05-25
Python开发工程师,上海图趣信息科技有限公司（Wayz.ai）,成都-高新区,1-1.5万/月,05-25
Python开发工程师,杭州三之一智联科技有限公司,杭州-萧山区,0.6-1.2万/月,05-25
Python开发工程师,尚合（大连）人力资源有限公司,异地招聘,1-2万/月,05-24
Python开发工程师,青岛容商天下网络有限公司,青岛-即墨区,0.6-1.2万/月,05-24
Python开发工程师,碧桂园生活服务集团股份有限公司,异地招聘,1.5-2万/月,05-23
高级Python开发工程师,云南翔联航空服务有限责任公司,异地招聘,0.8-1万/月,05-23
Python开发工程师,Cisco 思科系统（中国）,大连-沙河口区,0.8-1.2万/月,05-23
Python开发工程师,浙江九州云信息科技有限公司,无锡,1.5-3万/月,05-23
Python开发工程师,深圳市法本信息技术股份有限公司,深圳-宝安区,1-2万/月,05-23
Python开发工程师,深圳市斯凯荣科技有限公司,深圳-南山区,1.5-2.5万/月,05-23
Python开发工程师(CANOE工具）,上海华驿汽车技术有限公司,上海,1-1.5万/月,05-23
Python开发工程师,广州前实网络科技有限公司,广州,0.8-1.2万/月,05-23
Python开发工程师,杭州露电科技有限公司,杭州-滨江区,5-8千/月,05-22
Python开发工程师（金蝶云苍穹）,金蝶软件（中国）有限公司,深圳-南山区,1.5-2.5万/月,05-22
Python开发工程师,北京展云科技有限公司,北京-朝阳区,1.5-2.5万/月,05-22
Python开发工程师,上海微创软件股份有限公司北京分公司,北京,0.9-1.4万/月,05-22
Python开发工程师,杭州世介农业科技有限公司,杭州,1-1.5万/月,05-22
Python开发工程师,深圳市第一企业管理咨询有限公司,异地招聘,3-4万/月,05-22
后端python开发工程师,上海意静信息科技有限公司,上海,1.5-2万/月,05-21
Python开发工程师,聚光科技（杭州）股份有限公司-环境资源事业部,杭州-滨江区,1.1-2万/月,05-21
Python开发工程师（SaaS云端开发）,上海合阔信息技术有限公司,上海,1.2-2.4万/月,05-21
Python开发工程师,深圳市云间网络科技有限公司,杭州-余杭区,1-1.5万/月,05-21
python开发工程师,杭州五色云网络技术有限公司,杭州-西湖区,0.8-1.2万/月,05-20
Python开发工程师,中通服创发科技有限责任公司,长沙-芙蓉区,0.6-1.2万/月,05-20
Python开发工程师,中电科嘉兴新型智慧城市科技发展有限公司,嘉兴,0.7-1.5万/月,05-20
Python开发工程师,南京勤丰文化传媒有限公司,南京,0.9-1.6万/月,05-20
Python开发工程师,上海道客网络科技有限公司,上海-杨浦区,1-2万/月,05-19
Python开发工程师,DHL eCommerce,上海-黄浦区,1.5-2万/月,05-19
Python开发工程师,江苏金恒信息科技股份有限公司,南京-六合区,6-8千/月,05-18
Python开发工程师,我查查信息技术（上海）有限公司,上海,1.5-2万/月,05-18
Python开发工程师,乌鲁木齐软数信息科技有限公司,乌鲁木齐,6-8千/月,05-18
Python开发工程师,天津卓漫科技有限公司,天津-西青区,0.6-1.1万/月,05-18
Python开发工程师,建信金融科技有限责任公司,北京-海淀区,30-60万/年,05-18
Python开发工程师,上海鼎驰信息技术有限公司,上海-徐汇区,1-1.5万/月,05-18
Python开发工程师,拓链（上海）科技有限公司,上海-虹口区,1.5-2.5万/月,05-18
Python开发工程师,青岛贝塔信息技术有限公司,青岛-崂山区,0.8-1.2万/月,05-17
python开发工程师（集成2053）,北京南天软件有限公司,北京-丰台区,1-1.5万/月,05-17
python开发工程师,上海微创软件股份有限公司,上海-闵行区,0.9-1.4万/月,05-17
Python开发工程师,武汉飞脉科技有限责任公司,武汉-洪山区,3-4.5千/月,05-17
Python开发工程师,上海翕振信息技术有限公司,上海-浦东新区,1.2-1.8万/月,05-16
Python开发工程师,杭州小时光电子商务有限公司,杭州-余杭区,1.2-1.8万/月,05-15
python开发工程师（RPA实施工程师）,北京点点智联科技有限公司,北京-丰台区,0.6-1万/月,05-15
高级python开发工程师,信德管理顾问（大连）有限公司,异地招聘,1.5-2万/月,05-15
Python开发工程师,四衡商务信息咨询（上海）有限公司,上海-浦东新区,1-1.5万/月,05-14
C++/Python开发工程师,成都中亚通茂科技股份有限公司,成都,1.2-1.6万/月,05-14
Python开发工程师,上海易路软件有限公司,上海-闵行区,1.2-2.8万/月,05-14
Python开发工程师,深圳合生网络科技有限公司,深圳-福田区,1-2万/月,05-13
Python开发工程师,赛速科技,西安-雁塔区,6-8千/月,05-11
Python开发工程师,北京外企德科人力资源服务上海有限公司,上海,1.5-2万/月,05-11
Python开发工程师,深圳市宝能投资集团有限公司,深圳-龙华新区,1.5-2万/月,05-11
Python开发工程师,成都迪睿汇金科技有限公司,福州-鼓楼区,0.7-1.2万/月,05-11
Python开发工程师(实习),杭州勤鼎科技有限公司,杭州-滨江区,3.8-4.8千/月,05-10
Python开发工程师,上海航末教育科技有限公司,上海-浦东新区,1-2万/月,05-10
Python开发工程师(01),上海复深蓝软件股份有限公司,杭州-江干区,1.2-1.6万/月,05-09
Python开发工程师,赞同科技股份有限公司,南京,6-8千/月,05-09
python开发工程师,吉林省信睿网络信息安全有限公司,长春-高新技术...,0.8-1万/月,05-08
Python开发工程师,叠金数据运营管理有限公司,重庆-渝中区,0.6-1万/月,05-08
Python开发工程师,上海康嘉信息技术有限公司,上海-浦东新区,0.9-1.3万/月,05-07
Python开发工程师,文思海辉技术有限公司Pactera Technology International Limited,杭州,2.5-3万/月,05-07
Python开发工程师,研华（中国）有限公司,西安-高新技术...,6-8千/月,05-07
Python开发工程师,北京华泽云防科技有限公司,北京-丰台区,1-1.5万/月,05-06
Python开发工程师,云南犀鸟科技有限公司,昆明-盘龙区,0.8-1万/月,05-06
Python开发工程师,成都同辉数联信息技术有限公司,成都-高新区,0.6-1.2万/月,05-05
Python开发工程师,深圳市曼克科技有限公司,深圳-宝安区,1.5-2万/月,05-03
Python开发工程师,VSPN,上海-静安区,0.6-1万/月,05-03
Python开发工程师,深圳朗安信息科技有限公司,深圳-南山区,1.5-2万/月,05-03
Python开发工程师（信息部）,四川希望教育产业集团有限公司,成都-郫都区,0.6-1.4万/月,05-02
Python开发工程师,甘肃赢思网络科技有限公司,兰州,4.5-6千/月,05-01
Python开发工程师,苏州东湾信息科技有限公司,苏州-工业园区,1-1.5万/月,04-30
Python开发工程师,上海金盏企业管理有限公司,西安,0.9-1.1万/月,04-30
Python开发工程师,深圳得程信息技术有限公司,深圳-龙华新区,1-1.5万/月,04-30
Python开发工程师,北京华路时代信息技术股份有限公司,北京-西城区,1-1.5万/月,04-30
Python开发工程师,大连华钦软件技术有限公司,大连-高新园区,0.8-1.5万/月,04-29
python开发工程师（安全方向）,深信服科技股份有限公司,深圳-南山区,1.5-3万/月,04-29
python开发工程师,浙江星纪海信息技术有限公司,杭州-萧山区,1-1.5万/月,04-29
Python开发工程师,杭州皮森智能科技有限公司,杭州-西湖区,1.5-2万/月,04-28
Python开发工程师,山东正元数字城市建设有限公司,烟台,4-8千/月,04-28
Python开发工程师,山东万腾电子科技有限公司,济南-高新区,0.6-1万/月,04-28
Python开发工程师,河北炎石信息技术有限公司,石家庄,3-6千/月,04-28
Python开发工程师,博彦科技股份有限公司,武汉-江夏区,0.8-1.5万/月,04-28
Python开发工程师,通效信息科技（上海）有限公司,上海-浦东新区,0.8-1.3万/月,04-27
Python开发工程师,上海澜思信息科技有限公司,上海-静安区,1-1.8万/月,04-27
Python开发工程师,上海泉涸信息科技有限公司,上海-浦东新区,1-1.5万/月,04-27
Python开发工程师,深圳前海橙色魔方信息技术有限公司,深圳-南山区,0.8-1.3万/月,04-27
Python开发工程师,北京三维博特科技有限公司,北京-海淀区,0.8-1万/月,04-26
Python开发工程师,南京词酷网络信息技术有限公司,南京-鼓楼区,0.5-1万/月,04-26
Python开发工程师,声耕智能科技（西安）研究院有限公司,西安-高新技术...,0.8-1万/月,04-26
Python开发工程师,上海南天电脑系统有限公司,上海-浦东新区,1-1.5万/月,04-26
Python开发工程师,宁夏秦宇科技有限公司,银川,3-5千/月,04-26
Python开发工程师,北京韦尔科技有限公司,异地招聘,0.5-1万/月,04-24
python开发工程师,律品汇科技（北京）有限公司,昆明-五华区,1-1.3万/月,04-24
Python开发工程师,南昌心玩网络科技有限公司,南昌-红谷滩新...,0.8-1万/月,04-24
Python开发工程师,北京汉邦年代文化科技有限公司,北京-海淀区,1.5-3万/月,04-24
Python开发工程师,北京聚源锐思数据科技有限公司,北京-海淀区,0.8-1万/月,04-24
Python开发工程师,互道信息技术（上海）有限公司,上海-浦东新区,1-2.5万/月,04-24
Python开发工程师,沈阳市房客亿家互联网信息服务有限公司,沈阳-浑南区,3-8千/月,04-23
Python开发工程师,国家超级计算无锡中心,无锡-滨湖区,1-2万/月,04-23
Python开发工程师-机器人,艾普拉斯投资顾问（北京）有限公司,北京-朝阳区,1.5-3万/月,04-23
Python开发工程师,深圳华制智能制造技术有限公司,深圳,1-2万/月,04-22
Python开发工程师,上海东古智能科技有限公司,上海-浦东新区,1-1.5万/月,04-22
Python开发工程师,深圳哈夫曼科技有限公司,深圳-罗湖区,1.5-2.5万/月,04-21
Python开发工程师,广州特道信息科技有限公司,广州,0.8-1.5万/月,04-21
Python开发工程师,上海煜秀信息科技有限公司,上海-黄浦区,3-5万/月,04-21
Python开发工程师,武汉市瑞斯利科技有限公司,武汉-武昌区,1-1.5万/月,04-21
Python开发工程师,重庆商盟科技有限公司,重庆-江北区,0.8-1.5万/月,04-21
Python开发工程师,南京云信达科技有限公司,南京-浦口区,0.8-1万/月,04-20
Python开发工程师(J10248),深圳云天励飞技术有限公司,深圳-南山区,1.5-2万/月,04-20
Python开发工程师,深圳市智通信息有限公司,深圳-宝安区,1-1.8万/月,04-20
Python开发工程师,贵阳高登世德金融科技有限公司,贵阳,5-9千/月,04-19
Python开发工程师,深圳市拓保软件有限公司,深圳-南山区,1-1.5万/月,04-19
Python开发工程师,湖南麒麟信安科技有限公司,长沙-岳麓区,1-1.5万/月,04-17
Python开发工程师,武汉乐谷在线科技有限公司,武汉-洪山区,0.5-1万/月,04-17
Python开发工程师,大连洪大信息技术有限公司,上海-浦东新区,1-1.5万/月,04-17
python开发工程师,重庆讯云网络科技有限公司,重庆-渝北区,1-1.5万/月,04-17
Python开发工程师,深圳市麦凯莱科技有限公司,深圳-南山区,1-2万/月,04-17
Python开发工程师-华为OD,华为技术有限公司,杭州,1.5-2.5万/月,04-16
Python开发工程师,深圳艾上企业服务有限公司,深圳-福田区,1.5-1.8万/月,04-16
Python开发工程师,中国科学院计算机网络信息中心,北京,0.8-1.5万/月,04-16
Python开发工程师,网易集团,广州-天河区,1.2-2.5万/月,04-16
Python开发工程师,贵州原生益动科技有限公司成都分公司,成都-金牛区,0.7-1万/月,04-15
Python开发工程师,西安数拓网络科技有限公司,西安-高新技术...,5-7千/月,04-14
Python开发工程师,湖南文盾信息技术有限公司,长沙-开福区,6-8千/月,04-14
Python开发工程师,顺丰科技有限公司,武汉-洪山区,1-2万/月,04-13
Python开发工程师,恒动（常州）新能源科技有限公司,异地招聘,1.5-2万/月,04-13
高级python开发工程师,杭州安恒信息技术股份有限公司,杭州,1.2-2.4万/月,04-13
python开发工程师,宁波畅想软件股份有限公司,宁波,6-8千/月,03-30
高级后端开发工程师,深圳市能信安科技股份有限公司,深圳,1.5-2万/月,06-13
Python讲师,湖南杰越教育科技有限公司,长沙-岳麓区,0.8-1万/月,06-13
软件开发工程师,上海亿威航空电子股份有限公司,上海-浦东新区,6-8千/月,06-13
医疗AI研发工程师-上海,富士胶片（中国）投资有限公司,上海-浦东新区,1.1-2.2万/月,06-13
物联网研发工程师,广州市吉灏电子有限公司,深圳,1-3万/月,06-13
软件开发工程师,长沙麦粒软件开发有限公司,长沙-天心区,0.8-1.5万/月,06-13
Python初级开发,成都龙捷科技有限公司,深圳-南山区,0.6-1.2万/月,06-13
软件工程师,赣州好朋友科技有限公司,深圳-南山区,2-2.5万/月,06-13
ArcGIS二次开发工程师/双休,西安三图信息技术有限公司,西安-雁塔区,0.8-1万/月,06-13
python中级开发工程师（银行前置方向）,北京联创智融信息技术有限公司,杭州,1-1.5万/月,06-13
Sr.,超威半导体（中国）有限公司,上海-浦东新区,2-2.5万/月,06-13
资深Java开发工程师,上海艾豚科技有限公司,上海-浦东新区,2-2.5万/月,06-13
Python爬虫开发工程师,消费者报道杂志社有限公司,广州-天河区,1.1-1.6万/月,06-13
Python后端开发工程师,青岛思普润水处理股份有限公司,青岛-黄岛区,1.5-2.5万/月,06-13
上位机软件工程师,北京理工雷科电子信息技术有限公司,北京,1.5-2万/月,06-13
研发工程师(J11070),福建博思软件股份有限公司,福州,0.8-1.2万/月,06-13
python爬虫工程师,上海喆逸实业有限公司,上海-闵行区,1.5-2.5万/月,06-13
python工程师/实习生,青岛垚盛鑫互联网科技有限公司,青岛-市南区,4.5-6千/月,06-13
python后台开发,深圳市爱图仕影像器材有限公司,深圳-龙华新区,1-1.2万/月,06-13
Python高级工程师,中包物联网科技（北京）有限公司,北京,1.5-2万/月,06-13
C++高级工程师,链盟（上海）数字科技有限公司,上海-静安区,2.5-4万/月,06-13
python开发主程,深圳市火花幻境互动娱乐有限公司,深圳-南山区,2.5-5万/月,06-13
python开发,同方鼎欣科技股份有限公司,深圳-南山区,0.9-1.1万/月,06-13
算法工程师,上海翊桐节能科技有限公司,上海-闵行区,1.5-2万/月,06-13
PYTHON测试讲师,湖南省零檬信息技术有限公司,深圳-南山区,2.2-2.7万/月,06-13
高级Python后端开发工程师（所属亘星智能）,武汉工控工业技术研究院有限公司,武汉-江岸区,1-1.5万/月,06-13
PHP开发工程师,百度沈阳地区营销服务中心,沈阳-和平区,6-8千/月,06-13
高级开发工程师（PHP/PYTHON/GO方向）,云南省人才服务中心,昆明,1-1.5万/月,06-13
IT项目高级工程师,雷允上药业集团有限公司,苏州-高新区,0.7-1.2万/月,06-13
软件工程师（汽车行业优先）精通python,上海恺骊车辆技术有限责任公司,上海-浦东新区,0.8-2万/月,06-13
爬虫软件工程师(python),智慧工匠科技有限公司,武汉-武昌区,0.8-1.6万/月,06-13
Python教员,广东百捷教育投资有限公司,广州-花都区,0.7-1.1万/月,06-13
Python工程师（人工智能）,朗曦国际（上海）信息技术有限公司,上海-静安区,1-1.5万/月,06-13
少儿乐高、编程Python老师,上海欧思培教育培训有限公司,上海-闵行区,6-8千/月,06-13
工程效能高级工程师,易普森智慧健康科技（深圳）有限公司,深圳,1.5-2万/月,06-13
python/爬虫,博纳德集团,深圳-宝安区,2-2.5万/月,06-13
python高级工程师,深圳市双盈电子科技有限公司,异地招聘,6-8千/月,06-13
Python工程师（威海、包住宿）,威海精讯畅通电子科技有限公司,异地招聘,1-1.5万/月,06-13
python爬虫工程师,厦门云创优品科技有限公司,厦门-思明区,0.6-1万/月,06-13
科学计算软件开发工程师,北京星亢原生物科技有限公司,北京-昌平区,1-2万/月,06-13
python初级开发工程师,广东德润管理咨询有限公司,广州-天河区,1-1.5万/月,06-13
DevOps,华通科技有限公司,深圳-南山区,0.7-1.2万/月,06-13
Python开发应用工程师,武汉软帝联合科技有限公司,深圳-福田区,1-1.5万/月,06-13
Python人工智能讲师,北京金信润天信息技术股份有限公司武汉分公司,武汉-洪山区,12-18万/年,06-13
软件工程师,广东源代码智能科技有限公司,广州-黄埔区,0.8-1.2万/月,06-13
Python高级开发工程师,长沙市校管家教育科技有限公司,深圳-龙华新区,1.8-2.9万/月,06-13
大数据开发工程师,东莞聚创知识产权服务有限公司,东莞-南城区,6-8千/月,06-13
逆向分析工程师,南京宁智峰信息科技有限公司,南京-雨花台区,0.8-1万/月,06-13
安全研发专家,全知科技（杭州）有限责任公司,杭州-余杭区,2-2.5万/月,06-13
GIS工程师,上海元卓信息科技有限公司,上海-闵行区,0.6-1万/月,06-13
python开发,深圳市捷兴电子商务有限公司,异地招聘,2-3万/月,06-13
python爬虫工程师,深圳筑龙信息技术有限责任公司,深圳-福田区,0.8-1.5万/月,06-13
数据分析师/VBA,凯德（中国）企业管理有限公司,武汉-硚口区,0.8-1.2万/月,06-13
PHP开发工程师,荷锐会展服务（上海）有限公司,上海-闵行区,6-8千/月,06-13
Python软件工程师,广州英荔教育科技有限公司,广州-天河区,0.7-1.4万/月,06-13
IT系统工程师,福建优智链医疗科技有限公司,福州-晋安区,5-6.5千/月,06-13
自动化助理工程师,绵阳惠科光电科技有限公司,绵阳,5-6千/月,06-13
Python高级开发工程师,江苏欧帝电子科技有限公司,南京-雨花台区,0.9-1.6万/月,06-13
Java开发实习生,成都易设界科技有限公司,成都,3-4.5千/月,06-13
C++开发工程师,广州经传多赢投资咨询有限公司,广州-番禺区,0.8-1.6万/月,06-13
IT项目工程师,长沙肯德基有限公司,长沙-天心区,0.8-1万/月,06-13
异构计算/CUDA开发工程师,上海眼控科技股份有限公司,上海-徐汇区,1.5-2.5万/月,06-13
Web全栈开发工程师,安力云科技（广州）股份有限公司,广州-番禺区,0.6-1万/月,06-13
机器人ros开发工程师,深圳博鹏智能科技有限公司,深圳-龙华新区,1.5-2.5万/月,06-13
python教师,云南通识教育信息咨询有限公司,昆明-五华区,4.5-6千/月,06-13
网络安全开发工程师,南京烽火星空通信发展有限公司,南京-建邺区,1.2-2万/月,06-13
平台开发工程师,荐客极聘网络技术（苏州）有限公司,长沙,1-1.5万/月,06-13
Python工程师,无锡电商之家网络科技有限公司,无锡-梁溪区,0.8-1.4万/月,06-13
Python教师,宁波博岩教育科技有限公司,宁波-鄞州区,0.8-1万/月,06-13
急招，python讲师,广州风实教育咨询有限公司,广州-番禺区,200元/小时,06-13
Python研发工程师,卓望数码技术（深圳）有限公司,广州-天河区,2-2.5万/月,06-13
高级Devops工程师,北京安德信业信息咨询有限责任公司,北京-海淀区,3-4.5万/月,06-13
CDN运维工程师,北京晟元亿讯科技有限公司,成都,1-1.5万/月,06-13
python开发,深圳樱吉尔企业咨询管理有限公司,深圳-福田区,1.6-2.6万/月,06-13
爬虫开发工程师,广州创优新品科技有限公司,广州-天河区,1.5-2.5万/月,06-13
Python高级开发工程师,成都国铁电气设备有限公司,成都-双流区,1.2-2.5万/月,06-13
Python研发工程师岗,深圳市创想三维科技有限公司,深圳-龙华新区,1.5-2.5万/月,06-13
Python软件工程师,成都市鹰诺实业有限公司深圳分公司,深圳,1.5-2万/月,06-13
少儿编程讲师（scratch或Python或C++）,杭州小码教育科技有限公司,杭州-江干区,0.8-1.5万/月,06-13
java人工智能（python)签约实习生,青岛青软科技有限公司,青岛-市南区,4.5-6千/月,06-13
人工智能开发（Python方向）,郑州百尚网络科技有限公司,郑州-高新区,5-8千/月,06-13
Python开发实习生,杭州明玛网络科技有限公司,杭州-西湖区,3-4.5千/月,06-13
Python工程师,昆明择新网络科技有限公司,昆明-盘龙区,4-8千/月,06-13
python程序员(分布式爬虫开发),斯氏(杭州)新媒体科技有限公司,杭州-上城区,1-2.5万/月,06-13
机器人研发算法工程师,广东省尚道留学人员服务中心,深圳-龙华新区,1-1.5万/月,06-13
python大数据工程师,武汉赛维尔生物科技有限公司,武汉-洪山区,1-1.5万/月,06-13
研发工程师,大连腾微传媒有限公司,大连-中山区,1.2-2万/月,06-13
Python编程老师,合肥沐码爱恩教育咨询有限公司,合肥,0.5-1.5万/月,06-13
ERP技术开发,西域供应链（上海）有限公司,上海-浦东新区,1.5-2万/月,06-13
后端开发工程师-数据库中台,麒盛科技股份有限公司,杭州-西湖区,1-2.5万/月,06-13
python开发（可实习),大连星宇科技有限公司,大连,4.5-6千/月,06-13
软件工程师（天津）,上海力信测量系统有限公司,天津-西青区,0.7-1.5万/月,06-13
java人工智能（python)开发签约实习生,青岛迈科思软件有限责任公司,青岛,4.5-6千/月,06-13
python教师,广州编辅侠教育科技有限公司,广州-番禺区,6-8千/月,06-13
Python老师,昆山美杰学科英语培训中心,异地招聘,0.8-1万/月,06-13
Python/PHP/Javascript,成都麦克斯林房地产经纪有限公司,成都,1-1.5万/月,06-13
气象算法工程师,北京华泰德丰技术有限公司,异地招聘,1.5-3万/月,06-13
人工智能,重庆市容文教育科技有限公司,重庆-九龙坡区,4.5-6千/月,06-13
python老师,徐州智编信息科技有限公司,徐州,6-8千/月,06-13
Python后端/爬虫（可应届）,明哲,深圳-南山区,0.8-1.2万/月,06-13
MES实施工程师,广州市艾依格家居制品有限公司,广州-白云区,1-1.5万/月,06-13
Python实习生,江苏庭深网络科技有限公司,南京-鼓楼区,3-4.5千/月,06-13
Python实习生,江苏蒙亿网络科技有限公司,南京-玄武区,3-4.5千/月,06-13
网络安全工程师,成都卓源网络科技有限公司,成都-高新区,4.5-6千/月,06-13
python爬虫高级开发工程师,北京连盈科技有限公司,北京-海淀区,1-3万/月,06-13
机器人学习工程师,深圳市诺维尔科技互联网有限公司,异地招聘,0.8-1万/月,06-13
大数据高级讲师及助教,合肥市雷门计算机职业培训学校有限公司,合肥-庐阳区,1-1.5万/月,06-13
AI软件工程师,购乐贸易（深圳）有限公司,深圳-罗湖区,1-1.5万/月,06-13
Python数据抓取爬虫抓取,苏州华邑创信息科技有限公司,苏州,6-8千/月,06-13
直聘python开发,杭州泉溪视维软件有限公司,杭州-西湖区,3-4.5千/月,06-13
Python中级开发工程师,安吉康尔（深圳）科技有限公司,深圳-龙华新区,1.2-2万/月,06-13
python研发工程师,成都昆朋新能科技有限公司,成都-郫都区,0.5-1万/月,06-13
python研发工程师,福建中企移动技术有限公司,福州-晋安区,0.4-1万/月,06-13
网站建设,陕西新纪元餐饮管理有限公司,西安-灞桥区,0.8-1万/月,06-13
Python讲师,杭州会搜科技股份有限公司,杭州-江干区,1.5-2.5万/月,06-13
Python,百令信息科技（上海）有限公司,长沙,0.8-1万/月,06-13
程序化交易员(市场开发,杭州傲润科技有限公司,杭州-江干区,0.6-2万/月,06-13
软件工程师,浙江兆龙互连科技股份有限公司,杭州-余杭区,0.8-1万/月,06-13
Python编程教师,临海市杜桥镇爱学习未来培训学校有限公司,台州-临海市,5-8千/月,06-13
实施工程师,神州数码信息服务股份有限公司,合肥,0.6-1万/月,06-13
安全分析开发工程师,完美世界（北京）总部/完美时空,北京-朝阳区,1.5-2万/月,06-13
云BOSS,亚信科技（中国）有限公司,北京-海淀区,1.5-2千/月,06-13
软件开发工程师,大连华讯投资股份有限公司深圳分公司,深圳-福田区,1-1.5万/月,06-13
Python软件研发经理,聚时科技（上海）有限公司,上海-闵行区,2.5-4万/月,06-13
Python开发,上海吾创信息科技有限公司,上海-浦东新区,1-1.4万/月,06-13
储备开发工程师,广州嘉为科技有限公司,深圳,5.5-8千/月,06-13
后端开发工程师（Python方向）,中金智汇科技有限责任公司,北京-大兴区,1-2万/月,06-13
房地产前策投资数据分析师,深圳禾略贝塔信息科技有限公司,成都-高新区,5-6.5千/月,06-13
嵌入式Python界面开发工程师,宁波翌达科技有限公司,成都-高新区,4.5-6千/月,06-13
Python,MAX Communication,上海-徐汇区,1-1.5万/月,06-13
Java高级开发工程师,格莱杰（深圳）科技有限公司,深圳-宝安区,1.5-2.5万/月,06-13
诚聘PHP,湖南拓维云创科技有限责任公司,异地招聘,1-1.4万/月,06-13
C/Python/Java软件工程师,浙江省国际投资服务中心,杭州-下城区,1.5-2万/月,06-13
Python后端开发工程师/Django,杭州锐翌基因技术有限公司,杭州,1-2万/月,06-13
软件工程师,深圳京航科技有限公司,深圳-龙华新区,0.8-1.5万/月,06-13
高频量化工程师,上海蒙玺投资管理有限公司,上海-浦东新区,2-2.5万/月,06-13
乐高老师/机器人编程讲师/上市公司,杭州童程童美编程培训有限公司,杭州-滨江区,0.8-1万/月,06-13
python,深圳市华海智能卡有限公司,深圳-宝安区,6-8千/月,06-13
python爬虫工程师,深圳市创蓝欧科技有限公司,深圳-龙岗区,1-2万/月,06-13
Python开发/深度学习,上海乐野网络科技有限公司,上海-浦东新区,1-2万/月,06-13
Java/Python软件工程师,南京拾柴信息科技有限公司,南京-浦口区,0.5-2万/月,06-13
数据挖掘工程师,上海联恩贸易发展有限公司,上海-徐汇区,0.8-1.6万/月,06-13
Python工程师,武汉改图网技术有限公司,武汉,0.9-1.5万/月,06-13
Python游戏研发实习,西安吉祥果信息科技有限公司,成都-武侯区,3-4.5千/月,06-13
后端开发工程师,深圳市艾珆文化有限公司,深圳-福田区,1-1.5万/月,06-13
python研发工程师（外派银行）,上海祁铭信息技术有限公司,上海-浦东新区,0.8-1万/月,06-13
人工智能开发工程师,国基北盛（南京）科技发展有限公司,南京,1-1.5万/月,06-12
Tech,成都云图睿视科技有限公司,成都-高新区,1-1.5万/月,06-12
RPA,迪昆集团,广州-荔湾区,1-1.5万/月,06-12
python高级开发（架构方向）,千寻万物（深圳）科技有限公司,深圳-南山区,1.8-2.8万/月,06-12
Python高级工程师,广州尚融网络科技有限公司,广州-黄埔区,1.3-1.8万/月,06-12
Python后端开发工程师（AI平台开发）,上海非夕机器人科技有限公司,上海-闵行区,1.5-3万/月,06-12
心电算法工程师,杭州诺诚医疗科技有限公司,杭州-滨江区,1.5-2万/月,06-12
Python少儿编程老师,卡巴教育集团,武汉-洪山区,0.8-1万/月,06-12
Python,传智播客教育集团深圳分校,深圳-宝安区,3-5万/月,06-12
人脸识别研发工程师,广东盛迪嘉集团有限公司,深圳-南山区,1.5-3万/月,06-12
Python工程师,深圳斯达领科网络科技有限公司,深圳-龙岗区,0.8-1.6万/月,06-12
Python架构师(SG0304),长沙蜜獾信息科技有限公司,长沙-岳麓区,1.5-2万/月,06-12
SQL,爱思特信息技术（上海）有限公司,深圳,9-12万/年,06-12
少儿编程老师/实习,四川四日科技有限公司,成都-武侯区,3-4.5千/月,06-12
Python软件工程师,浙江房超信息科技有限公司,嘉兴,5-8千/月,06-12
Java工程师（代招）,北京师范大学-香港浸会大学联合国际学院,珠海-珠海高新...,5-9千/月,06-12
程序设计工程师,乐山-菲尼克斯半导体有限公司,异地招聘,0.5-1万/月,06-12
深度学习算法工程师（模型移植）,北京思特奇信息技术股份有限公司广州分公司,广州-天河区,1.5-2万/月,06-12
全栈开发工程师,中国科学院沈阳计算技术研究所有限公司,沈阳-浑南区,6-8千/月,06-12
Python后端开发,乐陪（上海）文化传播有限公司,上海-徐汇区,1.5-2.5万/月,06-12
Python工程师,上海奥腾计算机科技有限公司,上海,1.5-2万/月,06-12
python初级开发工程师,合肥曼宁信息技术有限公司,合肥,3-4.5千/月,06-12
生产工具开发,合肥云宙通信科技有限公司,合肥-高新区,5-7千/月,06-12
高级Python开发,深圳市有为信息技术发展有限公司,深圳-龙岗区,1.2-2.5万/月,06-12
Python自动化测试,深圳市广和通无线股份有限公司,西安-高新技术...,1-1.5万/月,06-12
NLP算法工程师,尤盛信息技术（上海）有限公司,上海-浦东新区,2.5-3万/月,06-12
Web,杭州满力网络科技有限公司,杭州-余杭区,1-1.5万/月,06-12
python测试工程师,深圳市乐人人科技有限公司,深圳-福田区,0.8-1万/月,06-12
数据开发工程师,成都小蟾科技有限公司,成都-高新区,0.7-1.4万/月,06-12
开发工程师,深圳市仁天芯科技有限公司,深圳-南山区,0.8-1万/月,06-12
后端开发工程师,上海科之锐人才咨询有限公司,上海-闵行区,1-1.5万/月,06-12
Python软件工程师,中电通途（北京）科技有限公司,武汉-东湖新技...,0.7-1.4万/月,06-12
后台研发工程师(J10343),纵目科技（上海）股份有限公司,异地招聘,1.8-2.5万/月,06-12
高级Python软件工程师,苏州锐讯生物科技有限公司,苏州-工业园区,1-2万/月,06-12
python开发,深圳市若昕科技有限公司,成都-武侯区,2-3万/月,06-12
商务助理,释空（上海）品牌策划有限公司,上海-松江区,0.8-1万/月,06-12
python,上海百趣生物医学科技有限公司,上海,0.7-1万/月,06-12
python网站开发工程师,人和未来生物科技（长沙）有限公司,长沙,0.6-1.2万/月,06-12
python工程师（中级，高级）,英思达（广州）科技有限公司,广州-越秀区,1-2.5万/月,06-12
Python高级讲师,上海尚学堂智能科技有限公司,上海-浦东新区,1-2万/月,06-12
机器学习/python工程师,广发银行股份有限公司信用卡中心,佛山-南海区,1.5-2万/月,06-12
00122-BI,友邦资讯科技（广州）有限公司,广州,10-15万/年,06-12
Python高级开发工程师,深圳市物波科技有限公司,深圳-宝安区,1-1.5万/月,06-12
Python软件开发工程师,威廉欧奈尔信息科技（上海）有限公司,上海-浦东新区,0.8-1.5万/月,06-12
Python资深算法工程师,广西迅图信息技术有限公司,南宁,1-1.5万/月,06-12
Python,四川华光互娱科技有限公司,成都-武侯区,1-1.5万/月,06-12
资深安全开发工程师,上海恺英网络科技有限公司,上海,1.5-3万/月,06-12
少儿编程老师,杭州科睿特教育科技有限公司,杭州-江干区,0.6-1.5万/月,06-12
Python开发实习生,沈阳中辉云科技有限公司,沈阳,4.5-6千/月,06-12
编程教师,贵州佰仕佳科技集团股份有限公司,贵阳,0.5-1万/月,06-12
平台开发主程,上海沁游信息科技有限公司,上海,1.8-2.5万/月,06-12
生物信息工程师,上海陶素生化科技有限公司,上海,0.6-1万/月,06-12
Python后台工程师,翼果（深圳）科技有限公司,深圳-南山区,1-1.5万/月,06-12
python爬虫/数据开发,南京市秦淮区巩向明软件开发工作室,南京-雨花台区,4.5-6千/月,06-12
区块链研发工程师,思创数码科技股份有限公司,南昌,0.8-1.5万/月,06-12
外企招聘,杭州爱达福乐检测技术有限公司,异地招聘,1-2万/月,06-12
python高级爬虫工程师,上海蜜度信息技术有限公司,上海,1.5-2万/月,06-12
Software,埃特博朗咨询（上海）有限公司,北京-朝阳区,2-2.5万/月,06-12
软件开发工程师,成都优仿科技有限公司,成都,8-10万/年,06-12
高级软件工程师,迈韦尼通讯技术（上海）有限公司,上海-长宁区,2-6万/月,06-12
资深运维开发工程师/devops,太美医疗系统,上海-徐汇区,2-3万/月,06-12
初级机器翻译工程师,北京双泽维度信息技术有限公司,济南-高新区,1-1.5万/月,06-12
Python高级开发工程师,上海快仓智能科技有限公司,上海-徐汇区,1.5-2.5万/月,06-12
Python,广州光筑华照工程设计有限公司,深圳-南山区,1-2万/月,06-12
大数据开发工程师助理,西安风语者网络科技有限公司,西安-高新技术...,4.5-6千/月,06-12
python后端工程师,中电电气(江苏)股份有限公司,南京-江宁区,1-1.5万/月,06-12
Python软件工程师,上海华屹数码科技有限公司,上海-徐汇区,1-1.5万/月,06-12
后端开发工程师,杭州中亚机械股份有限公司,杭州-拱墅区,1.5-2万/月,06-12
后台开发工程师,惠州市宝高网络科技有限公司,武汉-洪山区,1.2-1.8万/月,06-12
Python爬虫工程师,长沙金会通教育科技有限责任公司,长沙-雨花区,0.5-1.5万/月,06-12
python开发,广州华钧软件科技有限公司,成都-武侯区,2-3万/月,06-12
Python爬虫工程师,四川千百年科技有限公司,成都-高新区,8-9千/月,06-12
Python工程师（熟悉爬虫）,深圳市智慧行旅行社有限公司,深圳-福田区,1-1.5万/月,06-12
Python后端开发工程师,成都尽知致远科技有限公司,成都-高新区,0.7-1.3万/月,06-12
人工智能（AI）工程师,浙江青草地控股集团有限公司,宁波-高新区,1-1.5万/月,06-12
Python全栈开发,广东珺桦能源科技有限公司,广州-黄埔区,0.6-1.2万/月,06-12
Python讲师/上市企业/五险一金,重庆·童程童美,重庆-江北区,0.8-1万/月,06-12
后端研发工程师(校招),武汉小安科技有限公司,武汉-洪山区,0.5-1万/月,06-12
python大数据工程师,广州谷佰威生物科技有限公司,异地招聘,1-1.5万/月,06-12
院校合作python人工智能讲师,云南达内英才科技有限公司,昆明-呈贡区,6-8千/月,06-12
python人工智能讲师,重庆达内特睿纳软件有限公司,异地招聘,6-8千/月,06-12
Python全栈开发工程师,四川友信立智能科技有限公司,成都-锦江区,0.6-1万/月,06-12
AI算法专职,杭州沃瑞电力科技有限公司,杭州,0.6-1.2万/月,06-12
技术架构师,广联达,北京,3-5万/月,06-12
爬虫开发工程师,广州数说故事信息科技有限公司,广州-天河区,1.6-2万/月,06-12
Linux,杭州联众医疗科技股份有限公司,异地招聘,1-2万/月,06-12
Python助教老师,湖南智圭谷信息技术咨询服务有限公司,长沙-雨花区,4.5-6千/月,06-12
全栈工程师,上海杰然软件科技有限公司,上海,2-2.5万/月,06-12
服务端开发工程师,上海金杉数金互联网科技有限公司,上海-浦东新区,1.5-2万/月,06-12
python研发工程师,洛阳众智软件科技股份有限公司,洛阳,4.5-6千/月,06-12
应用服务工程师,江苏力群科技有限公司,苏州-工业园区,0.4-1万/月,06-12
PHP高级程序员(python程序员）,浙江房洽洽网络科技有限公司,宁波,0.8-1.5万/月,06-12
Python工程师,广州华央电子科技有限公司,广州-黄埔区,6-8千/月,06-12
python,繁翰信息技术（上海）有限公司,上海-长宁区,0.6-1.5万/月,06-12
C++/JAVA/Python软件开发工程师,北京外企德科人力资源服务上海有限公司,东莞,1.5-3万/月,06-12
全栈工程师,北京智谱华章科技有限公司,北京-海淀区,2.5-5万/月,06-12
Linux,欢聚集团,广州-番禺区,1.5-3万/月,06-12
IT工程师,上海毕得医药科技有限公司,上海,0.8-1万/月,06-12
Python软件开发工程师,上海特速网络科技有限公司,杭州-西湖区,0.8-1万/月,06-12
Python高级开发工程师,上海富欣智能交通控制有限公司,苏州-高新区,1.5-2万/月,06-12
软件开发工程师,广州恒云永通信息科技有限公司,广州-天河区,3-4千/月,06-12
Python全栈工程师,上海柯林布瑞信息技术有限公司,上海-徐汇区,1.5-2.5万/月,06-12
后端开发工程师,上海优梦信息科技有限公司,上海-杨浦区,1.5-2万/月,06-12
基础平台开发运维工程师-上海-00585,上海领健信息技术有限公司,上海,2-4万/月,06-12
Python工程师,东莞市诚誉商务信息咨询有限公司,东莞-南城区,0.9-1万/月,06-12
Python少儿编程老师,成都熊猫编程教育科技有限公司,成都-青羊区,0.8-1万/月,06-12
Python研发工程师,北京利和制药有限公司,北京,2-4万/月,06-12
后端开发工程师,武汉中科曙光坤程科技发展有限公司,武汉-汉阳区,1-1.5万/月,06-12
web/PHP/Java/Python工程师,盛科网络（苏州）有限公司,苏州-工业园区,0.8-1.5万/月,06-12
python后端开发工程师,百丽新零售,深圳-南山区,1.5-2.5万/月,06-12
中间件工程师,智云健康,杭州-余杭区,2-3万/月,06-12
Python后端量化系统开发工程师,深圳市威迈思咨询管理有限公司,深圳-南山区,1-4万/月,06-12
python爬虫工程师,浙江东驰科技有限公司,杭州-滨江区,1-1.5万/月,06-12
后台开发工程师,大连柠檬信息技术有限公司,大连,0.8-1.5万/月,06-12
RPA软件开发工程师（海归应届生）,上海培菁商务咨询工作室,上海-松江区,0.8-1万/月,06-12
Python开发,南京艮众信息科技有限公司,南京-雨花台区,0.8-1.5万/月,06-12
后端开发工程师,广州市捍御者信息科技有限公司,广州-黄埔区,1.2-1.8万/月,06-12
python开发,上海坤雷实业有限公司,上海-徐汇区,6-8千/月,06-12
卖家应用后台开发,深圳虾皮信息科技有限公司,深圳-南山区,1.8-3万/月,06-12
python架构师,新环康安（深圳）发展有限公司,上海-浦东新区,1.4-4万/月,06-12
Python开发人员,厦门中控智慧信息技术有限公司,厦门,5.5-6.5千/月,06-12
数据处理工程师,深圳市火元素网络技术有限公司,深圳,1.5-2万/月,06-12
Python数据开发,南京巨美生活信息科技有限公司,深圳-福田区,1-2万/月,06-12
少儿编程讲师-scratch，Python，c++,广州学码教育科技有限公司,广州-天河区,0.8-1.5万/月,06-12
软件工程师（机器人）,深圳市汇川技术股份有限公司,深圳-宝安区,1-1.5万/月,06-12
Android系统开发工程师(J12393),上海龙旗科技股份有限公司,上海-徐汇区,1.5-3万/月,06-12
诚聘Python数据工程师,北京环球医疗救援有限责任公司,北京-朝阳区,1.5-2万/月,06-12
python教研,三七互娱,广州,0.8-1.2万/月,06-12
线上Python编程老师,卡巴Kabba（郑州）青少年教育,郑州-金水区,6-8千/月,06-13
python,上海乐九医疗科技有限公司,上海-徐汇区,1.5-2万/月,06-12
Revit/AutoCAD,深圳华森建筑与工程设计顾问有限公司,深圳-南山区,1-1.5万/月,06-12
python开发,上海雍米计算机科技有限公司,深圳-南山区,2-3万/月,06-12
Web后端开发工程师,组纳电脑系统（深圳）有限公司,深圳-龙华新区,0.8-1.3万/月,06-12
java大数据工程师,深圳市道合顺科技有限公司,深圳-福田区,1.5-2.5万/月,06-12
开发,浙江浙大网新图灵信息科技有限公司,杭州-拱墅区,0.8-1万/月,06-12
通信导航产品开发工程师,京信通信系统控股有限公司,南京-秦淮区,5-8千/月,06-12
自动控制产品开发工程师,京信通信系统（中国）有限公司江苏分公司,南京-秦淮区,20-40万/年,06-12
C++/Python工程师（可视化方向）,成都安世亚太科技有限公司,成都-锦江区,20-30万/年,06-12
KR002-RPA开发,开业啦（上海）网络技术有限公司,上海-徐汇区,1.5-3万/月,06-12
Python爬虫,西安缤特鸟信息科技有限公司,西安-雁塔区,5-7千/月,06-12
ADAS数据分析工程师,北京经纬恒润科技有限公司上海分公司,上海-徐汇区,1.1-2万/月,06-12
后端开发工程师,领翌技术（横琴）有限公司,成都-高新区,6-8千/月,06-12
Python爬虫工程师,集商网络科技（上海）有限公司,上海,1-1.5万/月,06-12
Python,深圳市德卡科技股份有限公司,西安-高新技术...,0.5-1万/月,06-12
Pyhon开发,深圳市易博天下科技有限公司,深圳-南山区,1.2-1.7万/月,06-12
python课程设计师,武汉市英才世家教育科技有限公司,武汉,5-7千/月,06-12
Python算法研发工程师一名,北京立方天地科技发展有限责任公司,北京-海淀区,1-3万/月,06-12
Python数据采集工程师,苏州德融嘉信信用管理技术股份有限公司,苏州-工业园区,4.5-8千/月,06-12
Python高级开发工程师,成都捷云智慧科技有限公司,成都,0.7-1.5万/月,06-12
Python讲师（机器学习）,杭州瑞亚教育科技有限公司,杭州-滨江区,1-2万/月,06-12
Python后端开发工程师,迪原创新（北京）科技有限公司,上海-杨浦区,1-1.5万/月,06-12
Python,广州麦仑信息科技有限公司,广州-天河区,1-2万/月,06-12
Python工程师,北京先进数通信息技术股份公司,北京-丰台区,0.6-1万/月,06-12
Python高级开发工程师,格科微电子（上海）有限公司,异地招聘,1.5-3.5万/月,06-12
Linux工程师,汇才保险代理（深圳）有限公司,深圳-罗湖区,1.5-2万/月,06-12
Python高级开发工程师（AI分析）,杭州祐全科技发展有限公司,杭州-余杭区,1.6-3万/月,06-12
Python,西安易光年电子商务有限公司,西安-高新技术...,0.8-1.5万/月,06-12
Python工程师,广东中思拓大数据研究院有限公司,广州-天河区,15-20万/年,06-12
交通仿真工程师,广东方纬科技有限公司,广州-番禺区,0.8-1.2万/月,06-12
Web开发工程师,广东华保数据有限公司,佛山,5-8千/月,06-12
ROS(机器人操作系统)开发工程师,梦网荣信科技集团股份有限公司,深圳-南山区,1.5-2.5万/月,06-12
软件开发主管（python）,汉谷云智（武汉）科技有限公司,武汉-洪山区,0.7-1.5万/月,06-12
期权投资-程序化开发,国元期货有限公司,北京,0.7-1.2万/月,06-12
软件工程师（Python）,珠海市运泰利自动化设备有限公司,珠海,0.8-1.5万/月,06-12
算法工程师,浙江宇松科技股份有限公司,杭州,1-1.5万/月,06-12
云安全/虚拟化开发工程师,山石网科通信技术股份有限公司,苏州,1-2万/月,06-12
软件开发工程师（GO/Lua/python）,国动网络技术有限公司,上海-静安区,1.5-2.5万/月,06-12
数据分析工程师,中芯集成电路制造（绍兴）有限公司,浙江省,1-2万/月,06-12
后端工程师,深圳市桑达无线通讯技术有限公司,南京-雨花台区,1-1.5万/月,06-12
交易系统开发,重庆华西黄金产业发展有限公司,重庆-南岸区,1-1.5万/月,06-12
Java、python高级工程师,中冶东方工程技术有限公司,青岛,0.8-1.5万/月,06-12
Python工程师,珠海市精实测控技术有限公司,珠海-斗门区,0.8-1.2万/月,06-12
研发工程师（互联网+人才培养）,北京瑞达恒建筑咨询有限公司上海分公司,上海-黄浦区,1-1.5万/月,06-12
平台软件工程师（C/C++/python）,南京汇川工业视觉技术开发有限公司,南京,1-2万/月,06-12
前端开发实习生,苏州宜美哲自动化科技有限公司,苏州-工业园区,4.5-6千/月,06-12
Python高级开发工程师,宁夏博强智能科技有限公司,银川,0.8-1万/月,06-12
全栈开发工程师,苏州苏大教育服务投资发展(集团)有限公司,苏州,1.5-2万/月,06-12
Python技术讲师,陕西厚溥教育科技有限公司,西安-雁塔区,6-8千/月,06-12
Python高级开发工程师,深圳市博大建设集团有限公司,深圳,1-1.5万/月,06-12
后端开发工程师,杭州中亚瑞程包装科技有限公司,杭州,10-15万/年,06-12
后端开发工程师,杭州瑞东机械有限公司,杭州,20-30万/年,06-12
RPA开发,安克创新科技股份有限公司深圳分公司,深圳-南山区,1.5-2万/月,06-12
游戏后端开发,广州算法科技有限公司,广州-天河区,0.8-1万/月,06-12
Python高级开发工程师,深圳市烁视科技发展有限公司,深圳-南山区,2.5-3万/月,06-12
高级研发工程师,青岛海天炜业过程控制技术股份有限公司,青岛-崂山区,0.8-1.5万/月,06-12
phython,双龙软创（深圳）科技有限公司,深圳-南山区,1-1.5万/月,06-12
Java开发工程师,中卅网络科技（苏州）有限公司,苏州,0.8-1.3万/月,06-12
数据工程师,上海中汇亿达金融信息技术有限公司,上海-浦东新区,20-30万/年,06-12
Python软件工程师（五险一金+定期体检+专业培训）,浙江乐檬信息技术有限公司,宁波,0.8-1.2万/月,06-12
系统开发产品经理,南京蓝筹网络科技有限公司,南京-雨花台区,9-18万/年,06-11
IT实习生+五险一金,深圳市创思信息技术有限公司,深圳-南山区,0.8-1万/月,06-11
区块链开发工程师,深圳市万企报国控股有限公司,深圳-南山区,1.8-3万/月,06-11
上位机软件工程师,陕西钢索物联科技有限公司,西安-经济技术...,0.5-1万/月,06-11
Python软件工程师,大连东软教育科技集团有限公司,大连-高新园区,1-1.8万/月,06-11
AI公司合伙人,青岛知临智能信息技术有限公司,青岛-市南区,1.5-2万/月,06-11
高级后端开发工程师,上海融盎企业管理咨询有限公司,上海-静安区,1.5-2.3万/月,06-11
高级对象存储工程师,广东紫晶信息存储技术股份有限公司,武汉-东湖新技...,1.5-4万/月,06-11
开发工程师（实习）,上海大雁资产管理中心 （有限合伙）,上海-浦东新区,250元/天,06-11
python软件工程师,苏州远鼎信息技术有限公司,苏州-工业园区,0.8-2.5万/月,06-11
Senior,毕马威中国 KPMG China,上海,1.5-3万/月,06-11
Python工程师,深圳市中联创新自控系统有限公司,深圳-福田区,1.5-2.5万/月,06-11
软件开发工程师,深圳市融讯视通科技有限公司,深圳-南山区,0.8-1.5万/月,06-11
平台软件工程师,深圳市奥肯特科技有限公司,深圳-南山区,1.5-2万/月,06-11
python爬虫工程师（五险一金）,河北华糖云商营销传播股份有限公司,石家庄,0.6-1万/月,06-11
编程讲师+美国上市+高薪好福利,童程童美教育集团常州分公司,常州-新北区,6-8千/月,06-11
期货程序化开发工程师,沈阳中理融信投资管理有限公司,沈阳-和平区,4.5-6千/月,06-11
后台开发工程师,上海太江集团有限公司,上海,0.8-1.5万/月,06-11
Python后端开发工程师,柏科数据技术（深圳）股份有限公司,武汉-东湖新技...,1-1.2万/月,06-11
Python全栈工程师,启迪（柳州）数字教育有限公司,异地招聘,20-30万/年,06-11
昂立教育,51JOB代招,上海-徐汇区,2-3万/月,06-11
IT研发工程师,恒光资产管理有限公司,上海-静安区,2-2.5万/月,06-11
工具开发软件工程师,翱捷科技（上海）有限公司,深圳-福田区,20-30万/年,06-11
TD专员（数码公司）,德基集团有限公司,南京-玄武区,1.2-2万/月,06-11
Python开发工程（外汇岗位）,上海向普科技有限公司,上海-浦东新区,1-1.6万/月,06-11
急聘python公开课讲师,湖南潭州教育网络科技有限公司贵阳分公司,贵阳,4.5-6千/月,06-11
量化IT工程师,神话科技传媒（深圳）有限公司上海分公司,上海-长宁区,1.5-2万/月,06-11
资深大数据系统开发工程师,SHEIN,南京-雨花台区,2.5-5万/月,06-11
用研助理,浙江海博拓天信息科技有限公司,杭州-西湖区,4.5-6千/月,06-11
云训练工程师（深度学习）,开放智能机器（上海）有限公司,上海-徐汇区,1.5-2万/月,06-11
Python高级开发工程师,浙江卡易智慧医疗科技有限公司,异地招聘,1.5-2万/月,06-11
前端开发工程师-工程中心,浙江中控技术股份有限公司,杭州-滨江区,1.5-2万/月,06-11
Python,金乔投资顾问（深圳）有限公司,深圳-福田区,1-2.5万/月,06-11
金风慧能-气象主任工程师(J15251),金风科技-风机单元-金风慧能,无锡,2-4万/月,06-11
软件开发工程师,广州金电图腾软件有限公司,广州-天河区,8-15万/年,06-11
Python工程师,深圳市安络科技有限公司,深圳,1.5-3万/月,06-11
web后台开发工程师(J12522),绿盟科技,异地招聘,1.5-2万/月,06-11
教学总监,广西南宁童程童美科技有限公司,南宁,1-1.5万/月,06-11
测试开发,汉堂软件工程（上海）有限公司,广州,1-1.5万/月,06-11
Python工程师,阳狮集团,广州-天河区,8-13万/年,06-11
python教研实习生,风变科技（深圳）有限公司,深圳-南山区,4-6千/月,06-11
后端开发（数据方向）,博彦科技股份有限公司,北京,0.6-1.1万/月,06-11
软件开发工程师（初级）,北京华云星地通科技有限公司,北京-海淀区,0.8-1.1万/月,06-11
软件工程师,上海龙创汽车设计股份有限公司,上海-松江区,1-1.5万/月,06-11
RPA开发工程师,上海屹恒信息科技有限公司,长沙-雨花区,6-8千/月,06-11
软件运维工程师,上海汇铝电子商务有限公司,上海-嘉定区,1-2.5万/月,06-11
python课程研发老师,达内时代科技集团有限公司,北京-海淀区,2.5-3万/月,06-11
python爬虫工程师,雷特网络科技有限公司,深圳-龙华新区,1.5-3万/月,06-10
Python,传智播客教育集团广州分校,广州-天河区,40-60万/年,06-10
Python/PHP中级开发工程师,广州慧聪网络科技有限公司顺德分公司,佛山-顺德区,0.8-1.2万/月,06-10
数据分析实习生,上海盈合信息技术有限公司,上海-静安区,4.5-6千/月,06-10
Python数据分析师,宁波杉工智能安全科技股份有限公司,宁波-海曙区,0.5-1.5万/月,06-10
Python工程师（懂网络）,中宇联云计算服务（上海）有限公司,上海-黄浦区,1-1.5万/月,06-10
Python软件工程师（清华长三院岗位）,浙江闪龙科技有限公司,嘉兴,0.8-2万/月,06-10
全栈开发工程师,江苏集萃苏科思科技有限公司,苏州-相城区,1.5-2万/月,06-10
ZC研发工程师,广州铁科智控有限公司,北京-海淀区,20-40万/年,06-10
高级开发工程师,上海帕科信息科技有限公司,上海-徐汇区,2-2.5万/月,06-10
实习生（Python开发）,上海百胜软件股份有限公司,上海,1-5千/月,06-10
python工程师,昆山层宙贸易有限公司,昆山,0.8-1.2万/月,06-10
运维开发工程师,深圳威尔视觉传媒有限公司,深圳-南山区,1.5-3万/月,06-10
Java/Golang/Python,苏州英格玛管理咨询有限公司,上海,2-4万/月,06-10
后端开发工程师（基于云端）,恩士迅信息科技（上海）有限公司,苏州,1.2-2万/月,06-10
Web前端开发工程师,湖南大尧信息科技有限公司,长沙,0.8-1.4万/月,06-10
python爬虫工程师,广东博士科技有限公司,广州-黄埔区,5-9千/月,06-10
安全研发工程师,北京华清信安科技有限公司,北京-朝阳区,0.8-1.2万/月,06-10
Python,深圳市全民通控股集团有限公司,深圳-福田区,1-1.5万/月,06-10
Python开发,北京时空立方数字科技有限公司,广州-天河区,0.8-1.4万/月,06-10
初级Python工程师,火石创造（医健产业大数据）,杭州-滨江区,0.7-1.1万/月,06-10
少儿编程讲师（python方向）,深圳市小码教育科技有限公司,深圳-福田区,0.8-1.2万/月,06-10
WEB全栈（偏后端）开发师,德佫商务咨询（上海）有限公司,上海,2-3.5万/月,06-10
人工智能开发实习生,苏州高博应诺信息科技有限公司,苏州-工业园区,4.5-6千/月,06-10
图像算法工程师,浙江联运知慧科技有限公司,杭州-余杭区,1.5-2万/月,06-10
Python爬虫工程师,杭州筑龙信息技术股份有限公司,杭州-滨江区,1-1.5万/月,06-10
python软件工程师,浙江大立科技股份有限公司,杭州-滨江区,0.8-1.5万/月,06-10
Python教师,云南新华计算机中等专业学校,昆明,4-7千/月,06-10
嵌入式系统工程师-郑州高新区,北京佐佑邦科技有限公司,郑州-中原区,1-1.5万/月,06-10
服装智能制造高级工程师,江苏刘潭集团有限公司,无锡-梁溪区,0.6-1.5万/月,06-10
高级研发工程师,深圳市华博科技开发有限公司,深圳-南山区,1.7-2.8万/月,06-09
Java/Python工程师,苏州华兴源创科技股份有限公司,苏州-工业园区,1-3万/月,06-09
大数据开发,南京小狼信息技术有限公司,南京-玄武区,1.5-2万/月,06-09
PHP开发工程师（无锡）(J11269),华勤通讯技术有限公司,无锡,0.8-1.5万/月,06-09
golang开发工程师,宜科（天津）电子有限公司,天津,1-2万/月,06-09
Python/Django开发,上海锐成信息科技有限公司,上海-静安区,0.8-1.2万/月,06-09
软件开发工程师,成都今是科技有限公司,成都-高新区,0.7-1万/月,06-09
Model,美国道富,杭州,7-10万/月,06-09
硬件嵌入式开发工程师,广州天源信息科技股份有限公司,广州,0.6-1万/月,06-09
监控运维开发工程师,杭州同花顺数据开发有限公司,杭州-余杭区,1.3-2.5万/月,06-09
python爬虫工程师,深圳市英驰贸易科技有限公司,深圳-龙华新区,1.5-2万/月,06-09
python开发项目经理,上海犀语科技有限公司,上海-杨浦区,2.6-4万/月,06-09
软件工程师,广州康芬戴斯电子科技有限公司,上海-静安区,2-3.5万/月,06-09
Python自动化测试工程师（英语熟练）,浙江联大科技有限公司,湖州,0.8-1万/月,06-09
Python编程教师（诸暨）,乐聚星原力（浙江）教育科技有限公司,绍兴,3-4.5千/月,06-09
Python高级工程师（深圳）,三态电子商务股份有限公司,深圳-南山区,1.5-2万/月,06-09
软件开发工程师,沈阳自动化研究所（昆山）智能装备研究院,沈阳-浑南区,0.7-1.2万/月,06-09
Python后端开发工程师,北京国双科技有限公司,深圳,1.5-3万/月,06-09
资深Python后端开发工程师（苏州）(J10345),江苏创源电子有限公司,苏州-吴江区,1.5-2万/月,06-09
mayaTD,华强方特文化科技集团股份有限公司,深圳-南山区,1-1.5万/月,06-09
信号处理工程师,四川阵风科技有限公司,成都-高新区,0.8-1万/月,06-09
Java开发工程师,上海时溪信息技术有限公司,上海-浦东新区,1-1.5万/月,06-09
Python课程培训师,诺金信金融商学院,合肥-蜀山区,1000元/天,06-09
工程设计储干,惠州中京电子科技有限公司,惠州,4-7千/月,06-09
python自动化测试工程师（游戏项目）,宁波比孚信息科技有限公司,上海-杨浦区,1-1.5万/月,06-09
Python爬虫开发工程师,杭州益兴人力资源有限公司,杭州-拱墅区,0.7-1.5万/月,06-09
数据挖掘建模工程师,深南电路股份有限公司,南通,0.9-1.2万/月,06-09
Python高级开发工程师,上海聚水潭网络科技有限公司,上海-闵行区,1.5-3万/月,06-09
虚拟化实习生,四川中电启明星信息技术有限公司,成都,2-3千/月,06-09
Python高级开发师,浙江森马服饰股份有限公司,上海-闵行区,1.5-2万/月,06-09
C++高级开发工程师,广州志维科技有限公司,广州-番禺区,0.8-2万/月,06-09
RPA开发工程师,安克创新科技股份有限公司,长沙-岳麓区,1.5-2万/月,06-08
应届毕业生储备（软件）,深圳市雄韬电源科技股份有限公司,深圳,5-6千/月,06-08
软件测试实习生应届生,房客通（武汉）网络科技有限公司,武汉-东湖新技...,6-8千/月,06-08
Python,上海鼎骏软件科技有限公司,上海-静安区,1-1.5万/月,06-08
Python测试工程师,苏州复鹄电子科技有限公司,上海-杨浦区,1.3-2.6万/月,06-08
python量化交易开发,重庆链麦西网络科技有限公司,重庆-渝中区,3-5千/月,06-08
Python讲师,广州瑞育通信息技术有限公司,广州,1-2万/月,06-08
Python开发经理（网络金融）,交银企业管理服务（上海）有限公司张江高科技园区分公司,上海-徐汇区,1.5-2.5万/月,06-08
初级Python工程师助理(双休五险）,大连亚丁科技有限公司,大连,4.5-6千/月,06-08
Python后端,重庆高洁环境绿化工程集团有限公司,重庆-九龙坡区,3-6千/月,06-08
梅江区程序员,梅州市天勤网络科技有限公司,梅州,6-8千/月,06-08
Python高级开发工程师,上海蒙帕信息技术有限公司,西安-高新技术...,1-1.8万/月,06-08
CAE软件工程师（流体力学方向）,四川中锐信息技术有限公司,成都-高新区,1-2万/月,06-08
Python,,宁波创母体网络科技有限公司,宁波,4-6千/月,06-08
初级全栈开发工程师,北京涵智博雅能源科技有限公司,上海-闵行区,6-8千/月,06-08
Python工程师（人工智能）,上海清泽信息技术有限公司,上海,0.8-1.5万/月,06-08
高级爬虫工程师,广州聚焦网络技术有限公司,广州,1.5-3万/月,06-08
高级数据分析工程师,上海德拓信息技术股份有限公司,上海-徐汇区,1-1.6万/月,06-08
量化策略研究员,南京盈兴科技有限公司,南京-鼓楼区,1.3-2.5万/月,06-07
少儿Python编程老师,东莞市海豚教育科技有限公司,东莞-石龙镇,6-8千/月,06-06
Python高级开发工程师,深圳湛正实业有限公司,深圳-罗湖区,1-1.5万/月,06-06
Python高级开发工程师,上海华腾软件系统有限公司,深圳-福田区,1.5-2万/月,06-06
Python导师,传智播客教育集团郑州分校,郑州-郑州航空...,2-2.5万/月,06-06
Python爬虫研发工程师,广州多益网络股份有限公司,武汉-武昌区,1-2万/月,06-06
安全开发工程师-python（外包）,武汉斗鱼网络科技有限公司,武汉,1-1.5万/月,06-06
管理系统开发,东吴证券股份有限公司,苏州-工业园区,20-40万/年,06-05
爬虫开发系统工程师,南京茂毓通软件科技有限公司,南京-雨花台区,2.5-4万/月,06-05
Python全栈工程师（中级工程师）,昆山润石智能科技有限公司,昆山,1-1.5万/月,06-05
Python后端工程师,清科优能（深圳）技术有限公司,深圳-南山区,25-45万/年,06-05
Python高级开发工程师（爬虫）,深圳市菲凡数据科技有限公司,深圳-福田区,2-3万/月,06-05
python讲师,成都部落窝科技有限公司,成都-成华区,1-1.5万/月,06-05
python爬虫工程师/数据工程师/开发工程师,上海德迈斯机械设备经营部,上海-松江区,0.8-1万/月,06-05
测试开发工程师,上海寒武纪信息科技有限公司,上海-浦东新区,1.5-3万/月,06-05
python,深圳市傲冠软件股份有限公司,深圳-福田区,1-2万/月,06-04
生物信息工程师,信华生物药业（广州）有限公司,异地招聘,1.5-4.5万/月,06-04
Python实习生,常州汉器信息技术有限公司,异地招聘,3-5千/月,06-04
六险急招python软件工程师,北京正橹航空服务有限公司,长沙-天心区,0.7-1.5万/月,06-04
商业数据开发工程师,理想汽车,北京-朝阳区,2-4万/月,06-04
视频监控开发工程师,南京瑞玥科技有限公司,南京,0.8-1.2万/月,06-04
AI平台开发工程师,上海扩博智能技术有限公司,上海-闵行区,1.5-3.5万/月,06-04
VC、Python程序员,重庆康如来科技有限公司,重庆,0.5-1万/月,06-04
资深Python工程师,北京红铅笔广告有限公司,北京,1.8-3.6万/月,06-04
python编程老师,卡巴青少儿科技活动中心,武汉,0.6-1万/月,06-04
爬虫开发工程师,江苏省未来网络创新研究院,南京-江宁区,0.7-1万/月,06-04
python讲师（五险一金+包饭）,湖南潭州教育网络科技有限公司成都分公司,成都-武侯区,3.5-6千/月,06-04
上市公司编程教学老师,嘉兴童程童美软件科技有限公司,嘉兴,0.7-1万/月,06-04
创意编程系统工程师／程序员,武汉市此方智能环境设计工程有限公司,武汉,1-1.5万/月,06-04
研发工程师（odoo,广州医鹭久歌医疗器械有限公司,广州,0.8-1.3万/月,06-04
Java开发工程师,成都傅立叶电子科技有限公司,成都,0.8-1.5万/月,06-04
财务分析师（python）,深圳市华腾半导体设备有限公司,深圳-光明新区,1-1.5万/月,06-04
python编程老师,武汉卡巴KABBA教育,武汉-洪山区,0.6-1万/月,06-04
python老师/均薪15k/周休2天/空间大E,达内教育集团,广州-番禺区,1.5-2万/月,06-03
SW,蔚隆（昆山）汽车电子有限公司,昆山,20-30万/年,06-03
Python软件开发工程师（信息所）,浙江清华长三角研究院,嘉兴,1-2万/月,06-03
Python高级开发工程师,武汉雕龙医疗数据服务股份有限公司,武汉-洪山区,1.2-1.6万/月,06-03
监控开发工程师,北京泽塔云科技股份有限公司,北京-朝阳区,1.5-2万/月,06-03
Java高级开发工程师,上海爱数信息技术股份有限公司,上海,1.8-2.5万/月,06-03
Python网络爬虫工程师,北京今朝在线科技有限公司,北京-朝阳区,1-1.2万/月,06-03
JAVA,奥沃希浦（湖北）科技有限公司,武汉-洪山区,0.8-1.3万/月,06-03
ERP实施顾问,北京京航安机场工程有限公司,北京-大兴区,1-1.5万/月,06-02
Python---外派绿盟（驻场）,西安鼎拓信息科技有限公司,西安-雁塔区,0.5-1万/月,06-02
技术研发（后端）,北京图灵文化发展有限公司,北京,2.5-3.5万/月,06-02
预研实习生,北京智通云联科技有限公司,北京,1-1.5万/月,06-02
软件开发工程师,长春市同人科技股份有限公司,长春-高新技术...,0.8-1.2万/月,06-02
初级Python工程师助理(提供住宿),小马奔腾（大连）实业有限公司,大连-高新园区,3-4.5千/月,06-02
初级Python工程师助理(提供住宿),大连凤凰树网络科技有限公司,大连-高新园区,3-4.5千/月,06-02
初级Python工程师助理(双休五险）,中联高科（大连）实业有限公司,大连-高新园区,3-4.5千/月,06-02
Python开发/深度学习,上海凯融信息科技有限公司,上海-普陀区,0.7-1.5万/月,06-02
Python后端,网思科技股份有限公司,成都-武侯区,0.7-1.1万/月,06-02
Python工程师,医药魔方,异地招聘,1-2万/月,06-02
Python工程师,江苏宝和数据股份有限公司,南京,1-1.5万/月,06-02
Python高级开发工程师,深圳秀火网络科技有限公司,深圳-宝安区,1.3-1.8万/月,06-02
软件工程师-数字轨道,北京和利时系统工程有限公司,北京,1-2万/月,06-02
web开发工程师,上海连尚网络科技有限公司,广州,2-2.5万/月,06-02
软件开发项目经理,慧科教育科技集团有限公司,北京-海淀区,1.8-2.6万/月,06-01
python算法工程师,隆正信息科技有限公司,无锡-无锡新区,5-9千/月,06-01
智慧农业平台负责人/研发人员,云南五佳生物科技有限公司,昆明-五华区,0.6-1万/月,06-01
大数据分析师,湖南蚁坊软件股份有限公司,长沙,0.6-1万/月,06-01
python后台开发,苏州云才人力资源服务有限公司,常州,1-1.5万/月,06-01
软件工程师,珠海汉迪自动化设备有限公司,珠海,6-8千/月,06-01
Python爬虫工程师,无锡市车同轨科技有限公司,无锡-梁溪区,0.8-1万/月,06-01
Python高级开发工程师,高知特信息技术（上海）有限公司 Cognizant Technology Solutions,上海-长宁区,2-2.5万/月,06-01
FreeSwitch开发工程师,杭州认识科技有限公司,杭州-余杭区,1.5-2.5万/月,05-31
安全分析师/安全分析专家,北京星网锐捷网络技术有限公司,异地招聘,2.5-5万/月,05-31
高研发工程师级,深圳安视睿信息技术股份有限公司,深圳-南山区,1.5-2万/月,05-31
数据挖掘工程师（全职/实习）,广州高越广告有限公司,广州,0.4-1万/月,05-30
初级Python脚本开发,西安山海鲲鸿信息科技有限公司,西安-新城区,3-5千/月,05-30
软件开发工程师,上海并擎软件科技有限公司,上海-闵行区,0.8-1.2万/月,05-30
高级爬虫工程师,杭州求美网络科技有限公司,杭州-滨江区,2.5-3万/月,05-29
Python工程师,广东优德科技有限公司,广州-海珠区,0.5-1万/月,05-29
Python讲师,长沙市中信软件培训中心,长沙,1-1.5万/月,05-29
后端开发工程师,常州市道逸文化传媒有限公司,常州-天宁区,0.8-1万/月,05-29
Python研发工程师,北京新网医讯技术有限公司,北京-西城区,0.8-1.2万/月,05-29
Unity3D\C#开发工程师,苏州南智传感科技有限公司,苏州-工业园区,6-8千/月,05-29
python技术经理,广州迪奥信息科技有限公司,广州-南沙区,0.8-1万/月,05-29
python自动化测试工程师,深圳市天河软件开发有限公司,深圳-南山区,1-1.5万/月,05-29
Python数据运营工程师,深圳前海雅柏宝资本管理有限公司,深圳-福田区,0.8-1万/月,05-29
Python爬虫工程师,天津市淇奥科技发展有限公司,北京-朝阳区,0.8-1万/月,05-28
Python高级开发工程师,广州泷铧信息科技有限公司,广州-天河区,0.9-1.5万/月,05-28
Python工程师,云南蓝典科技股份有限公司,昆明-五华区,4-6千/月,05-27
机器人ROS开发工程师,中国航天科工集团第二研究院206所,异地招聘,18-22万/年,05-27
软件工程师,苏州德中创恒软件科技有限公司,苏州-工业园区,3.5-7千/月,05-27
Linux应用软件工程师,河北优控新能源科技有限公司,天津-西青区,0.6-1万/月,05-27
Python工程师,静瞳海外投资顾问（深圳）有限公司,异地招聘,1-2万/月,05-27
软件工程师,大连华海智控电子信息科技有限公司,大连-西岗区,4.5-6千/月,05-27
软件开发工程师,美启电力（广东）股份有限公司,上海-浦东新区,1-1.5万/月,05-27
逆向工程师,上海白虹软件科技股份有限公司,武汉-武昌区,1-1.8万/月,05-27
python后端开发工程师,南京银平信息科技有限公司,南京-雨花台区,1-1.5万/月,05-26
python后端开发,广州安和泰妇产医院有限公司,广州-番禺区,1-1.5万/月,05-26
后台开发工程师,辽宁迈克集团股份有限公司,大连-沙河口区,0.8-1.2万/月,05-26
Python爬虫工程师,福韵数据服务有限公司,长沙-雨花区,0.8-1万/月,05-26
生物信息员,康龙化成（北京）新药技术股份有限公司,异地招聘,6-8千/月,05-26
云计算研究员,北京华胜天成科技股份有限公司,北京-海淀区,1-1.5万/月,05-26
数据挖掘工程师,北京燕昆石油科技发展有限责任公司,北京,1.5-2万/月,05-26
数据专家G04572-爬虫Python,上海宝尊电子商务有限公司,上海,1-1.5万/月,05-25
Python软件开发工程师,智邦大陆科技有限公司,西安-高新技术...,0.8-1.4万/月,05-25
软件开发工程师,上海赋运信息技术有限公司,上海-浦东新区,1-1.5万/月,05-25
Python,中山市新锐医疗设备科技有限公司,中山-坦洲镇,6-8千/月,05-25
软件开发工程师,上海远澜信息技术有限公司,上海-徐汇区,1.3-2.6万/月,05-25
python工程师,大连中控智慧信息技术有限公司,大连,0.5-1万/月,05-25
信息技术专员,深圳市尚云赋智科技有限公司,深圳-福田区,6-8千/月,05-25
后端开发工程师,杭州祺鲸科技有限公司,杭州-萧山区,1.5-2万/月,05-25
Python自动化测试工程师,西安惠雷通信科技有限公司,西安-雁塔区,5-7千/月,05-25
后端开发工程师(J10347),北京创源微致软件有限公司,北京-海淀区,1.5-2.5万/月,05-24
python工程师,上海穗农信息科技股份有限公司,上海-松江区,0.8-2万/月,05-24
游戏服务器PYTHON开发(YF),上海辛辣网络科技有限公司,上海-徐汇区,0.8-1.2万/月,05-24
图像算法工程师,烟台星商电子商务有限公司,烟台,1.5-2万/月,05-23
软件开发工程师,深圳硅基仿生科技有限公司,深圳-宝安区,1.5-2万/月,05-23
高级研发工程师,匡衡软件（北京）有限公司,深圳-南山区,2-3万/月,05-23
软件测试开发,上海证申信息服务有限公司,上海-徐汇区,1-1.5万/月,05-23
python工程师,广州易来特自动驾驶科技有限公司,广州-天河区,6.9-8.9千/月,05-23
高级网络工程师,上海富欣信息通信有限公司,上海-浦东新区,1-1.5万/月,05-23
软件/语言编程开发师,广东鸣世科技有限公司,异地招聘,0.8-1.3万/月,05-22
Python工程师,大地期货有限公司,杭州-下城区,1-1.5万/月,05-22
Python高级开发工程师,山东便客信息科技有限公司,济南-市中区,0.7-1.4万/月,05-22
课程开发高级专员,威盛电子（中国）有限公司,北京-海淀区,0.7-1.4万/月,05-22
后端研发工程师,深圳信可通讯技术有限公司,深圳-宝安区,1.5-2.2万/月,05-22
急招python教研2位,安徽同源同码信息科技有限公司,合肥-庐阳区,6-8千/月,05-21
AI应用主管,聚光科技（杭州）股份有限公司-工业发展事业部,杭州-滨江区,1.5-2万/月,05-21
Python爬虫工程师,福州灰度科技有限公司,福州-仓山区,0.8-1.3万/月,05-21
智能网联汽车研发工程师,上海智能网联汽车技术中心有限公司,上海-奉贤区,1-1.5万/月,05-21
Python老师,佛山市贝乐点石科技有限公司,佛山-禅城区,0.5-1万/月,05-21
实习生（工厂数字化发展),高露洁棕榄（中国）有限公司 Colgate-Palmolive (China) Co.,Ltd & Colgate (China) Co.,Ltd,广州-黄埔区,130元/天,05-20
Python高级开发工程师,杭州羽联信息科技有限公司,杭州-拱墅区,1.6-2.5万/月,05-20
后端开发工程师,上海联蔚信息科技有限公司,上海-徐汇区,1.2-1.8万/月,05-20
后端开发,同程国际旅行社有限公司,异地招聘,1.5-2万/月,05-20
高级python软件开发工程师,美国多核技术有限公司,深圳,1.5-3万/月,05-20
高级系统开发工程师（RPA）(J15793),宝胜国际,上海-虹口区,3-4万/月,05-19
自动化测试工程师-英特尔外包,大连东软思维科技发展有限公司,上海-闵行区,1.5-2万/月,05-19
python程序员,南昌得思信息技术有限公司,南昌-青山湖区,6-8千/月,05-19
数据挖掘工程师,赛纳生物科技（北京）有限公司,北京,1-1.5万/月,05-19
Python工程师,佛山市德朗司科技有限公司,佛山-南海区,0.5-1万/月,05-19
Python,清华大学苏州汽车研究院,苏州-吴江区,10-15万/年,05-19
Django讲师,北京八维研修学院,北京-海淀区,1.5-2万/月,05-19
Python全栈工程师,上海沪源医药有限公司,上海-闵行区,0.8-1.6万/月,05-19
EPR开发工程师（JAVA/Python）,紫光同芯微电子有限公司,北京-海淀区,1.5-2.5万/月,05-19
全栈工程师主管候选,青岛爱克萨老龄服务科技有限公司,青岛-高新区,3-5万/月,05-19
软件开发工程师,格物斯坦（上海）机器人有限公司,上海-嘉定区,0.8-1.5万/月,05-19
网络安全分析师,上海瀛太信息科技有限公司,上海,0.8-1.8万/月,05-19
数据分析工程师,深圳市硅湾工业互联网科技有限公司,深圳,0.7-1万/月,05-19
python,华瑞腾邦科技（深圳）有限公司,深圳-南山区,2-3万/月,05-19
后台开发工程师,深圳通达天下国际旅行社有限公司,深圳-罗湖区,1-1.5万/月,05-19
高级Python后端开发工程师,乐荐信息科技（北京）有限公司,北京-朝阳区,1.7-3万/月,05-18
python研发工程师,辞渊科技（上海）有限公司,上海-静安区,1-2万/月,05-18
Python开发实习生,上海西信信息科技股份有限公司,异地招聘,4.5-6千/月,05-18
测试开发-python,杭州博彦信息技术有限公司,杭州-滨江区,0.7-1.2万/月,05-18
Python高级开发工程师,东软集团股份有限公司,上海,2-2.5万/月,05-18
高级开发工程师,浙江倍时信息科技有限公司,杭州-余杭区,15-20万/年,05-17
游戏脚本开发工程师,墨丘利（大连）科技有限公司,大连-高新园区,0.6-1万/月,05-16
Python工程師,深圳市芥子计划科技有限公司,深圳-龙华新区,0.8-1.1万/月,05-16
ODOO（Python）开发人员招聘,广州尚鹏信息科技有限公司,广州-白云区,0.8-1.3万/月,05-16
自动化测试工程师python、c,上海迅元信息科技有限公司,上海-浦东新区,1-1.5万/月,05-15
后台开发工程师,华录光存储研究院（大连）有限公司,北京-石景山区,1-2万/月,05-15
C++开发工程师,中世国信（北京）信息技术有限公司,北京-朝阳区,1.5-2.5万/月,05-15
数据开发工程师,武汉启瑞药业有限公司-营销中心,武汉-武昌区,4.5-6千/月,05-15
初级Python工程师,上海司尔亚司数据信息有限公司,上海-浦东新区,10-15万/年,05-15
AI软件研发工程师（Python开发）(J10822),上海联影智能医疗科技有限公司,上海-徐汇区,1.5-2万/月,05-14
python爬虫开发工程师,厦门艺钡贸易有限公司,厦门,0.6-1万/月,05-14
软件开发工程师（python）,广东喜之郎集团有限公司,深圳-南山区,0.8-1万/月,05-13
Python开发讲师,河南新华电脑学院,郑州-中原区,0.8-1万/月,05-13
运维工程师,四川新希望房地产开发有限公司,成都,1.5-2万/月,05-13
python自动化测试工程师,深圳市银河通信科技有限公司,深圳-南山区,0.8-1.3万/月,05-13
Python,上海点明信息技术有限公司,上海-浦东新区,1.5-2万/月,05-13
Python工程师助理6913,OPPO广东移动通信有限公司,深圳-南山区,0.8-1.3万/月,05-13
python,深圳市炽火网络科技有限公司,深圳-罗湖区,1.5-3.5万/月,05-13
PYTHON后端开发工程师,杭州健洲普华佳仪医疗科技有限公司,杭州-西湖区,1-1.5万/月,05-12
pipeline,广州市爆米花动画科技有限公司,异地招聘,1-1.5万/月,05-11
高级软件开发工程师,上海睿畜电子科技有限公司,上海-嘉定区,1.6-2.3万/月,05-11
硬件技术员,深圳市大石创新科技有限公司,深圳,1-1.5万/月,05-10
python教师+双休+五险,芜湖斯戴姆教育科技有限公司,芜湖,4.5-6千/月,05-10
软件工程师,河南驼人医疗器械集团有限公司,河南省,4-6千/月,05-10
开发工程师,浙江长城计算机系统有限公司,杭州,0.8-2万/月,05-10
python数据工程师,深圳远见前沿科技有限公司,深圳-南山区,2-4万/月,05-10
软件开发工程师,上海勋飞机电设备有限公司,上海,0.8-2万/月,05-10
算法工程师,上海贝易电子商务有限公司,上海-闵行区,1-1.5万/月,05-09
中级python,北京国研网信息有限公司,成都-高新区,0.8-1.5万/月,05-08
Software,仙童半导体技术（上海）有限公司,异地招聘,20-30万/年,05-08
Python,深圳华大生命科学研究院,深圳-盐田区,0.8-1.6万/月,05-08
python全栈开发,北京中科基因技术有限公司,北京-海淀区,0.7-1.2万/月,05-08
数据分析专员,深圳市正君餐饮管理顾问有限公司,深圳-南山区,0.5-1万/月,05-07
python爬虫/数据开发,青岛七十二度信息技术有限公司,青岛-黄岛区,4-8千/月,05-07
Python,毕马威中国 KPMG China,南京,1-1.5万/月,05-07
Windows软件GUI开发工程师,深圳市灼华互娱科技有限公司,深圳-龙岗区,1-1.5万/月,05-07
研发专家（CDN研发）0380,中国电信股份有限公司广州信息化研发中心,异地招聘,2.5-5万/月,05-07
PHP研发主管,广东柳道热流道系统有限公司,异地招聘,30-40万/年,05-07
python后台开发,福州掌上互动网络科技有限公司,福州-台江区,0.8-1.2万/月,05-06
容器开发工程师(J10283),中标软件有限公司,天津-滨海新区,1-1.5万/月,05-06
Python工程师,吉林省澎兴电子产业有限公司,长春,5-8千/月,05-06
python软件工程师,北京经纬恒润科技有限公司,北京-海淀区,1-1.5万/月,05-06
高级后端开发工程师,上海加美文化传媒有限公司,上海-青浦区,2.5-4.5万/月,05-04
大数据后端工程师,北京经纬恒润科技有限公司,上海,15-30万/年,05-04
Python工程师,马恒达（北京）信息技术服务有限公司,北京,1.5-2万/月,05-04
数据架构师,气味图书馆,上海-闵行区,1.5-2万/月,05-03
Python语言开发工程师,郑州李唐电子科技有限公司,郑州,1-3万/月,05-03
后端开发工程师（广告）,北京木瓜移动科技股份有限公司,北京-海淀区,2-2.5万/月,05-03
气象工程师,北京鑫瑞天翔科技发展有限公司,无锡-无锡新区,2-2.5万/月,05-02
图像AI工程师,杭州天铂云科光电科技有限公司,杭州-余杭区,1.3-2.6万/月,05-01
软件开发项目经理,上海橙科微电子科技有限公司,上海-徐汇区,50-60万/年,05-01
高级Python研发工程师,广州图灵科技有限公司,广州-天河区,1.5-2万/月,05-01
python后台开发（外派腾讯）,深圳市前海润杨金融服务有限公司,深圳-南山区,0.8-1.1万/月,05-01
嵌入式工程师,烟台持久钟表集团有限公司,烟台,1-1.5万/月,05-01
python开发实习生,武汉华工科固建筑技术工程有限公司,武汉-洪山区,3-5.5千/月,04-30
Python爬虫工程师,成都健数科技有限公司,成都-高新区,0.8-1万/月,04-30
Ansible技术专家,上海缔塔科技有限公司,上海-浦东新区,1.8-2.2万/月,04-30
高级python工程师,深圳市拉科菲希科技有限公司,深圳-南山区,2.5-4万/月,04-29
房产B端产品管理经理,广州世代房地产有限公司,广州-黄埔区,1.5-2万/月,04-29
资深后端工程师（Python）,禾稼（深圳）投资发展有限公司,上海-浦东新区,2-4.5万/月,04-29
研发工程师-华为od,上海兆殷特科技有限公司,深圳,1.5-3万/月,04-29
软件研发工程师,中国工程物理研究院上海激光等离子体研究所,上海-嘉定区,20-30万/年,04-29
python,河南元丰科技网络股份有限公司,郑州-金水区,0.4-1万/月,04-29
少儿编程老师,鳌睿信息科技（上海）有限公司,上海-浦东新区,0.7-1万/月,04-28
python开发助理,大连东软睿创科技发展有限公司,大连,4.5-6千/月,04-28
Python技术经理,深圳市陀螺传媒有限公司,深圳-福田区,1.8-3万/月,04-28
python编程指导师,河南控客教育科技股份有限公司,异地招聘,4-7千/月,04-28
Python后端开发工程师SH,通联数据股份公司,上海-虹口区,1-2万/月,04-27
Java架构师,成都运荔枝科技有限公司,异地招聘,2-3万/月,04-27
python经理,北京小刀万维科技有限公司,北京-海淀区,2-2.5万/月,04-27
ERP实施顾问,广州聚品汇信息科技有限公司,广州-海珠区,0.8-1.5万/月,04-27
运维开发工程师,央视国际网络有限公司,北京,1-2万/月,04-26
Python工程师/大数据开发工程师,厦门热工环保系统工程有限公司,厦门,1-1.5万/月,04-26
Python,苏州高博应诺信息科技有限公司,苏州,1-1.5万/月,04-26
Python研发工程师（高级）,北京升鑫网络科技有限公司,北京,2-4.5万/月,04-26
量化工程师,上海鸣石投资管理有限公司,上海-浦东新区,2.5-3.5万/月,04-26
H5后端开发,成都柒玖游科技有限公司,成都-高新区,1-1.5万/月,04-25
PYTHON工程师/VBS工程师/爬虫工程师/RPA工程师,上海美狄莎思美奇商贸有限公司,上海-长宁区,0.8-2万/月,04-24
少儿编程Python讲师,青岛乐思维教育科技有限公司,青岛-黄岛区,0.5-1.2万/月,04-24
OpenStack研发工程师,天津卓朗科技发展有限公司,天津,1.5-2万/月,04-24
python,杭州泛利科技有限公司,杭州-江干区,0.7-1.4万/月,04-24
机器人-C/C,杭州海康威视数字技术股份有限公司,杭州-滨江区,15-20万/年,04-24
Python开发,南京宁普信息技术有限公司,泰州,1-1.5万/月,04-24
Python开发讲师,智汇融云信息技术（深圳）有限公司,深圳-南山区,0.8-1万/月,04-24
爬虫开发工程师,上海博鼠信息科技有限公司,上海-浦东新区,1-1.5万/月,04-24
青少年Python讲师,广州粤嵌通信科技股份有限公司,广州-黄埔区,5-8千/月,04-24
网络自动化测试开发工程师,嘉德智能科技（深圳）有限公司,武汉-东湖新技...,10-15万/年,04-23
Python高级开发工程师,传音控股上海研发中心,上海-浦东新区,2-2.5万/月,04-23
房极客-研发工程师,“高校联盟云春招”特别招聘,深圳-南山区,7-9千/月,04-22
Python工程师,广州易察市场研究有限公司,广州-越秀区,10-12万/年,04-22
Python游戏服务端开发,长沙赛群信息科技有限公司,长沙-开福区,0.8-1万/月,04-22
Python工程师,中泰信达环保科技（武汉）有限公司,武汉-汉阳区,5-8千/月,04-22
PHP开发工程师,热流道科技(深圳)有限公司,东莞-长安镇,40-50万/年,04-21
量化开发工程师（Python）,Crypto.com,深圳-南山区,2.5-5万/月,04-21
Python高级开发工程师,北京和桥互联信息技术有限公司,上海-浦东新区,2-2.5万/月,04-21
Python数据处理实习生,巴乐克教育科技（广州）有限公司,广州-天河区,4.5-6千/月,04-21
python,江苏金恒信息科技股份有限公司,南京-浦口区,0.7-1万/月,04-20
Python,深圳市艾可思信息技术有限公司昆明分公司,昆明,6-8千/月,04-20
数据爬取工程师,北京应互科技有限公司,北京-海淀区,1.5-2万/月,04-20
软件开发工程师,武汉九阵科技有限公司,武汉-洪山区,0.6-1万/月,04-20
软件开发工程师,南京美信物流有限公司,南京-雨花台区,0.7-1.5万/月,04-19
openstack开发工程师,北京四维图新科技股份有限公司,北京-海淀区,3-5万/月,04-18
pyhon/C/C++高级工程师,上海图羽企业管理咨询有限公司,深圳,1.5-2万/月,04-18
高级python后端工程师（AI平台）,上海萃图数字科技有限公司,上海-杨浦区,1.5-2万/月,04-18
Python高级研发人员,上海橘澄信息科技有限公司,上海-松江区,1-2万/月,04-18
高级数据分析工程师,广东尚睿网络技术有限公司,东莞-东城区,1-1.6万/月,04-17
python语言&少儿编程咨询老师,杭州小米智课教育科技有限公司,杭州-西湖区,0.8-1万/月,04-17
MES开发工程师,江西睿聪科技有限公司,南昌-新建区,0.8-1万/月,04-16
Python工程师,广州出行数字科技有限公司,广州-天河区,0.7-1.2万/月,04-16
python讲师,成都源代码教育咨询有限公司,成都,0.8-1万/月,04-16
Python,北京金惠新悦科技有限公司,北京-海淀区,1-1.5万/月,04-15
爬虫开发工程师（0023030401）,上海特朗思大宇宙信息技术服务有限公司,上海-静安区,0.8-1万/月,04-15
软件工程师,湖南思达软件技术有限公司,长沙,6-8千/月,04-14
数据服务岗,爱云校郑州,郑州-二七区,6-8千/月,04-14
Python中高级开发工程师,上海益倍嘉金融信息服务有限公司,上海-浦东新区,1.5-2万/月,04-13
Python开发工程师,广州环通信息技术有限公司,广州-南沙区,4-8千/月,06-13
政企事业部-python开发工程师,沈阳国际软件园产业发展有限公司,沈阳-浑南区,1.5-2千/月,06-11
Python开发工程师,上海云逐信息技术有限公司,上海,1.5千以下/月,05-27
Python开发工程师（中高级）,广州高炬知识产权代理有限公司,广州-黄埔区,1.5-2千/月,05-11
Python开发工程师,英华达（上海）科技有限公司,上海-闵行区,4.5-8千/月,04-24
python开发工程师,软通动力信息技术（集团）有限公司,上海,1.2-2.3万/月,06-10
高级Java/Python开发工程师,上海杰迈晶雅人力资源有限公司,北京,1.5-2.7万/月,06-12
Python开发工程师,杭州小余科技有限公司,杭州-西湖区,1.5-2.5万/月,06-11
图像识别实习生,广州造就科技有限公司,珠海-香洲区,100元/天,06-13
Python开发实习,上海戎磐网络科技有限公司,上海-长宁区,3.5-4.5千/月,06-13
Python讲师,湖南潭州教育网络科技有限公司北京分公司,北京-石景山区,4-8千/月,06-12
Python开发实习生,中国医药工业信息中心,上海-静安区,100元/天,06-12
软件开发工程师（Python/.Net）,上海积成慧集信息技术有限公司,长沙-宁乡县,2-3千/月,06-12
Python软件开发工程师,福建金科信息技术股份有限公司,广州-天河区,1.8-2万/年,06-12
Python实习生,上海邻科信息科技有限公司,上海-杨浦区,3-4.5千/月,06-12
python数据采集实习生,诺丁汉（宁波保税区）区块链有限公司,宁波-鄞州区,1.5-2千/月,06-12
python开发实习生-杭州,杭州迪普科技股份有限公司,杭州-滨江区,2-4千/月,06-12
Java开发工程师,西班牙蒙德拉贡联合公司上海代表处,上海,2-3千/月,06-11
绘图员,南昌纬地勘测规划设计有限公司九江分公司,九江,1.5-2千/月,06-09
Python开发实习,武汉俊誉科技信息技术有限公司,武汉,2-3千/月,06-08
PYTHON,探恪（上海）软件科技有限公司,上海-长宁区,2-3千/月,06-08
python工程师（2021届）,深圳市科力锐科技有限公司重庆分公司,重庆-渝中区,2-3千/月,06-07
Python实习生,广州机智云物联网科技有限公司,广州-天河区,3-6千/月,06-04
python爬虫实习生,上海联蔚数据科技有限公司,上海-静安区,150元/天,06-03
python实习生,北京捷报数据技术有限公司,北京,2-3千/月,06-03
大数据开发实习生,上海图趣信息科技有限公司,成都-高新区,200元/天,05-18
财务软件工程师实习生,玛泽咨询（上海）有限公司,上海,2-3千/月,05-15
大数据开发工程师实习生R,河北臻龙科技有限公司,异地招聘,4-6千/月,05-12
Java开发工程师,广州领匠科技有限公司,广州-天河区,2-3千/月,05-08
图像识别实习生,广州造就科技有限公司,广州-天河区,100元/天,05-01
Python开发实习生,浙江奥奈斯特信息科技有限公司,宁波,1.5-2千/月,04-16
Python爬虫实习生,四川聚众恒辉工程技术有限公司,成都-武侯区,2-3千/月,04-13
python工程师,中国太平洋财产保险股份有限公司东莞分公司,东莞,8-10万/年,06-13
Python高级开发工程师,上海三日企业管理有限公司,上海,1.5-2万/月,06-12
数据分析师（python工程师）,上海微创医疗器械（集团）有限公司,上海-浦东新区,1-1.8万/月,06-10
Python开发工程师,上海融为信息科技有限公司,上海-嘉定区,0.8-1.2万/月,06-13
Python开发工程师（深圳）,深圳航天科创实业有限公司,深圳,0.8-1万/月,06-13
中级Python开发工程师,北京公瑾科技有限公司广州分公司（慧算账）,广州-天河区,0.6-1.5万/月,06-13
Python开发工程师,西安北斗安全技术有限公司,西安-国家民用...,0.6-1万/月,06-13
Python开发工程师,上海悦米信息技术有限公司,上海-徐汇区,0.7-1.2万/月,06-13
python开发工程师,字节跳动,北京,2-3.5万/月,06-13
高级Python开发工程师,字节跳动,上海,2.5-5万/月,06-13
Python开发工程师,字节跳动,北京,2.5-4万/月,06-13
python开发工程师（中级）,广州锦行网络科技有限公司,广州-天河区,0.8-1.2万/月,06-13
python开发工程师（初级）,广州锦行网络科技有限公司,广州-天河区,6-8千/月,06-13
Python开发工程师（全职/***）,猪八戒股份有限公司,异地招聘,1.5-2万/月,06-13
Python开发工程师（全职/***）,猪八戒股份有限公司,异地招聘,1.5-2万/月,06-13
Python开发工程师（全职/***）,猪八戒股份有限公司,异地招聘,1.5-2万/月,06-13
Python开发工程师（全职/***）,猪八戒股份有限公司,北京-海淀区,1.5-2万/月,06-13
Python开发工程师,湖南金烽信息科技有限公司,成都,1.3-2.2万/月,06-13
Python开发工程师,湖南金烽信息科技有限公司,杭州,1.2-2.4万/月,06-13
Python开发工程师,深圳神木源科技有限公司,深圳-龙岗区,6-8千/月,06-13
Python开发工程师3,深圳神木源科技有限公司,深圳-福田区,6-8千/月,06-13
Python开发工程师,深圳神木源科技有限公司,深圳-宝安区,6-8千/月,06-13
Python开发工程师,中讯志远（武汉）科技有限公司,上海-徐汇区,1-1.5万/月,06-13
Python开发工程师(实习）,成都上鑫网络科技有限公司,成都-温江区,3-4千/月,06-13
Python开发工程师（初级）,成都上鑫网络科技有限公司,成都-温江区,4-5千/月,06-13
Python开发工程师,天津新智视讯技术股份有限公司,异地招聘,1-1.2万/月,06-13
Python开发工程师,上海易宝软件有限公司深圳分公司,异地招聘,1.5-2万/月,06-13
Python开发工程师,天津新智视讯技术股份有限公司,上海,1-1.5万/月,06-13
Python开发工程师,江苏润和软件股份有限公司,南京-鼓楼区,0.9-1.4万/月,06-13
Python开发工程师,深圳华云信息系统有限公司,深圳-福田区,1.2-1.5万/月,06-13
Python开发工程师,深圳市网新新思软件有限公司,成都-锦江区,1-2万/月,06-12
Python开发工程师,上海易宝软件有限公司,成都-郫都区,1-1.5万/月,06-12
Python开发工程师,上海易宝软件有限公司,杭州-滨江区,1.2-1.8万/月,06-12
Python开发工程师,上海易宝软件有限公司,杭州-滨江区,1-1.8万/月,06-12
Python开发工程师,上海易宝软件有限公司,杭州-滨江区,1-2.5万/月,06-12
Python开发工程师(双休+六险一金),深圳市德科信息技术有限公司,广州-天河区,8-9千/月,06-12
Python开发工程师,上海占域实业有限公司,上海,6-8千/月,06-12
Python开发工程师,无锡开普勒信息技术有限公司,无锡-梁溪区,0.4-1.2万/月,06-12
python开发工程师-D0603,上海合合信息科技发展有限公司,上海-静安区,1.5-2万/月,06-12
Python开发工程师,上海占域实业有限公司,合肥,6-8千/月,06-12
Python开发工程师,智线云科技（北京）有限公司武汉分公司,武汉-洪山区,0.8-1.6万/月,06-12
中级python开发工程师,成都海德在线教育科技有限公司,成都-锦江区,1-1.5万/月,06-12
初级python开发工程师,成都海德在线教育科技有限公司,成都-锦江区,0.8-1万/月,06-12
Python开发工程师,深圳市乐易网络股份有限公司,深圳-南山区,1.5-3万/月,06-12
Python开发工程师-杭州-00143,北软互联（北京）科技有限公司,杭州,1-1.5万/月,06-12
Python开发工程师,河南省曲速信息科技有限公司,郑州-高新区,3-6千/月,06-12
Python开发工程师,苏州庆欣电子有限公司,异地招聘,0.8-1.2万/月,06-12
Python开发工程师,广州回头车信息科技有限公司,广州-天河区,1.5-3万/月,06-12
Python开发工程师,绿之能科技,西安-碑林区,6-8千/月,06-12
Python开发工程师/讲师,如皋中软国际信息技术有限公司,南通,1.3-1.8万/月,06-12
Python开发工程师,成都创富世纪商务咨询有限公司,成都-锦江区,4.5-6千/月,06-12
OpenStack_Python开发工程师,蓝盾信息安全技术股份有限公司,广州,1-1.5万/月,06-12
高级Python开发工程师,上海财联社金融科技有限公司,上海,1.5-2.5万/月,06-12
Python开发工程师（黄岛区）,青岛艾德软件有限公司,青岛-黄岛区,0.5-1万/月,06-12
python开发工程师,杭州迪普科技股份有限公司,北京-海淀区,10-20万/年,06-12
Python开发工程师,上海东篱信息科技有限公司,上海-闵行区,1-2万/月,06-12
15K+中级Python开发工程师+双休五险,长沙紫檀数据科技有限公司,长沙-岳麓区,1-1.5万/月,06-12
Python开发工程师,郑州软通合力计算机技术有限公司,南阳,5-8千/月,06-12
Python开发工程师,杭州优灿科技有限公司,异地招聘,1-2万/月,06-12
Python开发工程师,深圳市鼎驰科技发展有限公司,深圳-福田区,1.3-1.6万/月,06-11
Python开发工程师,爱立信信息技术服务（中国）有限公司,济南,0.8-1.2万/月,06-11
Python开发工程师,爱立信信息技术服务（中国）有限公司,武汉,0.8-1.2万/月,06-11
Python开发工程师,爱立信信息技术服务（中国）有限公司,广州,0.8-1.2万/月,06-11
中高级Python开发工程师,南京赛宁信息技术有限公司,异地招聘,1.5-2万/月,06-11
Python开发工程师,海南太美航空股份有限公司,成都,0.8-1.5万/月,06-11
Python开发工程师,广东新源信息技术有限公司,广州-天河区,0.5-1万/月,06-11
Python开发工程师,杭州优灿科技有限公司,异地招聘,1-2万/月,06-11
Python开发工程师,杭州优灿科技有限公司,异地招聘,1-2万/月,06-11
Python开发工程师,深圳楚星软件有限公司,深圳-南山区,1-1.5万/月,06-11
python开发工程师,浙江优创信息技术有限公司,上海-浦东新区,6-9千/月,06-10
Python开发工程师,昆山微远信息技术有限公司,昆山,1-1.5万/月,06-10
Python开发工程师(双休）,深圳市德科信息技术有限公司,广州-天河区,0.8-1.2万/月,06-10
Python开发工程师,江苏润和软件股份有限公司,南京-鼓楼区,0.9-1.5万/月,06-09
Python开发工程师,麦田春雪科贸（北京）有限公司,杭州-余杭区,1.5-2万/月,06-09
Python开发工程师,麦田春雪科贸（北京）有限公司,南京-浦口区,1.5-2万/月,06-09
Python开发工程师,麦田春雪科贸（北京）有限公司,重庆-渝中区,1.5-2万/月,06-09
Python开发工程师,麦田春雪科贸（北京）有限公司,深圳-宝安区,1.5-2万/月,06-09
Python开发工程师,麦田春雪科贸（北京）有限公司,广州-天河区,1.5-2万/月,06-09
Python开发工程师,麦田春雪科贸（北京）有限公司,上海-浦东新区,1.5-2万/月,06-09
Python开发工程师,麦田春雪科贸（北京）有限公司,北京-朝阳区,1.5-2万/月,06-09
Python开发工程师,北京捷科智诚科技有限公司,杭州-滨江区,1.2-2.6万/月,06-09
python开发工程师(J10421),上海驻云信息科技有限公司,上海-浦东新区,1.2-1.8万/月,06-09
Python开发工程师,普元信息技术股份有限公司,上海-浦东新区,1.2-1.5万/月,06-08
Python开发工程师,广东钳钳科技有限公司,异地招聘,1-1.5万/月,06-06
Python开发工程师,广东钳钳科技有限公司,异地招聘,1-1.5万/月,06-06
Python开发工程师,达观数据,上海-浦东新区,1.2-2万/月,06-04
高级python开发工程师,达观数据,上海-浦东新区,2-3.5万/月,06-04
Python开发工程师,深圳乐通信息技术有限公司,长沙-开福区,0.8-1.5万/月,06-03
Python开发工程师,中软国际科技服务有限公司,南京-江宁区,0.8-1.3万/月,06-01
Python开发工程师,深圳市网新新思软件有限公司,南京-雨花台区,1-1.5万/月,05-28
Python开发工程师,深圳市网新新思软件有限公司,南京-雨花台区,1-2万/月,05-28
python开发工程师（Windows平台）,浙江诺诺网络科技有限公司,杭州-西湖区,1.5-2.5万/月,05-26
Python开发工程师,广东钳钳科技有限公司,汕头,1-1.5万/月,05-26
Python开发工程师,深圳市第一企业管理咨询有限公司,异地招聘,3-4万/月,05-22
Python开发工程师,深圳市第一企业管理咨询有限公司,异地招聘,3-4万/月,05-22
Python开发工程师,深圳市第一企业管理咨询有限公司,深圳,3-4万/月,05-22
Python开发工程师,深圳市第一企业管理咨询有限公司,异地招聘,3-4万/月,05-22
Python开发工程师,深圳市第一企业管理咨询有限公司,异地招聘,3-4万/月,05-22
Python开发工程师,深圳市第一企业管理咨询有限公司,异地招聘,3-4万/月,05-22
Python开发工程师,深圳市云间网络科技有限公司,南京-栖霞区,1-1.5万/月,05-19
Python开发工程师,江苏润和软件股份有限公司,杭州,1-1.5万/月,05-19
Python开发工程师,上海易宝软件有限公司,西安-雁塔区,0.8-1.6万/月,05-17
Python开发工程师,上海易宝软件有限公司,异地招聘,0.8-1.5万/月,05-17
Python开发工程师,上海易宝软件有限公司,西安,1-1.5万/月,05-17
Python开发工程师,上海易宝软件有限公司,西安-高新技术...,1-1.5万/月,05-17
python开发工程师,上海微创软件股份有限公司北京分公司,北京,1.2-1.6万/月,05-15
Python开发工程师,上海微创软件股份有限公司,苏州,1.1-1.8万/月,05-13
Python开发工程师,上海微创软件股份有限公司,上海,1.2-1.7万/月,05-12
Python开发工程师（南京）,深圳市云间网络科技有限公司,南京-栖霞区,1-1.5万/月,05-10
Python开发工程师,江苏润和软件股份有限公司,西安,0.7-1.2万/月,05-10
Python开发工程师,杭州勤鼎科技有限公司,杭州-滨江区,6-8.5千/月,05-10
Python开发工程师,赞同科技股份有限公司,合肥,0.4-1.2万/月,05-09
python开发工程师,上海微创软件股份有限公司,上海,1.4-1.7万/月,05-08
python开发工程师,上海微创软件股份有限公司,上海,1.3-1.5万/月,05-08
Python开发工程师,成都迪睿汇金科技有限公司,重庆-江北区,0.8-1.6万/月,05-08
python开发工程师,文思海辉技术有限公司Pactera Technology International Limited,西安,2.5-3万/月,05-07
Python开发工程师,深圳得程信息技术有限公司,深圳-龙华新区,2.5-3万/月,04-30
python开发工程师,深信服科技股份有限公司,深圳-南山区,1.4-2.8万/月,04-29
Python开发工程师,通效信息科技（上海）有限公司,上海-青浦区,1-1.8万/月,04-27
Python开发工程师,南京词酷网络信息技术有限公司,扬州,0.5-1万/月,04-26
Python开发工程师,Cisco 思科系统（中国）,大连-沙河口区,0.8-1万/月,04-26
Python开发工程师,钱咖网络科技（上海）有限公司,上海-黄浦区,1-1.5万/月,04-25
Python开发工程师,上海易宝软件有限公司深圳分公司,异地招聘,1-1.5万/月,04-23
Python开发工程师,重庆商盟科技有限公司,重庆-江北区,1.8-2万/月,04-18
金融数据Python开发工程师（武汉）,贵阳高登世德金融科技有限公司,武汉-武昌区,0.8-1.5万/月,04-15
Python开发工程师,恒动（常州）新能源科技有限公司,异地招聘,1.5-2万/月,04-13
Python运维测试工程师,湖南杰越教育科技有限公司,长沙-岳麓区,6-8千/月,06-13
Python初级工程师,湖南杰越教育科技有限公司,长沙-岳麓区,4.5-6千/月,06-13
python爬虫工程师,成都龙捷科技有限公司,深圳-南山区,0.7-1.1万/月,06-13
python中级工程师,中包物联网科技（北京）有限公司,北京,0.8-1.2万/月,06-13
渗透测试工程师,江苏巴比伦网络科技股份有限公司,无锡-梁溪区,1-3万/月,06-13
C++开发,深圳市达旭投资有限公司,深圳-龙岗区,1.2-2.2万/月,06-13
后台开发工程师,深湾创新技术（深圳）有限公司,深圳-南山区,1-1.8万/月,06-13
Node.js开发工程师,深湾创新技术（深圳）有限公司,深圳-南山区,1-1.8万/月,06-13
QT开发工程师,上海卓盟信息科技有限公司,上海-闵行区,0.8-1.3万/月,06-13
python自动化测试讲师,湖南省零檬信息技术有限公司,深圳-南山区,2.5-3.5万/月,06-13
Python测试开发讲师,湖南省零檬信息技术有限公司,深圳-南山区,2.5-3.5万/月,06-13
Python开发讲师,湖南省零檬信息技术有限公司,深圳-南山区,2.5-3.5万/月,06-13
项目经理,天津新智视讯技术股份有限公司,天津,1-1.5万/月,06-13
Python高级开发工程师,广东德润管理咨询有限公司,广州-天河区,1.5-2万/月,06-13
Python应用开发工程师,武汉软帝联合科技有限公司,深圳,1-1.5万/月,06-13
python少儿编程老师,深圳市编玩边学教育科技有限公司,武汉,0.6-1万/月,06-13
Java开发工程师,深圳极联信息技术股份有限公司,深圳-罗湖区,1.1-1.4万/月,06-13
DevOps(Python)开发工程师,瞬联软件科技（北京）有限公司 CIeNET Technologies,南京,1-2万/月,06-13
软件测试工程师,深圳市达旭投资有限公司,深圳-龙岗区,1.2-2.2万/月,06-13
科学计算软件高级开发工程师,北京星亢原生物科技有限公司,北京-昌平区,1.5-3.5万/月,06-13
python开发,深圳市捷兴电子商务有限公司,上海-虹口区,2-3万/月,06-13
python开发,深圳市捷兴电子商务有限公司,深圳-南山区,2-3万/月,06-13
python开发,深圳市捷兴电子商务有限公司,北京-朝阳区,2-3万/月,06-13
python开发,深圳市捷兴电子商务有限公司,杭州-滨江区,2-3万/月,06-13
python开发,深圳市捷兴电子商务有限公司,成都-武侯区,2-3万/月,06-13
网络安全渗透工程师.,南京宁智峰信息科技有限公司,南京-雨花台区,0.8-1.5万/月,06-13
高级脚本开发工程师（python）,广州网融信息技术有限公司,广州-海珠区,1.5-2万/月,06-13
Python开发,文思海辉技术有限公司Pactera Technology International Limited,北京,1-1.5万/月,06-13
python开发（web方向）,文思海辉技术有限公司Pactera Technology International Limited,无锡,1-1.5万/月,06-13
Python开发,文思海辉技术有限公司Pactera Technology International Limited,北京,1-1.5万/月,06-13
资深Python工程师,北京安德信业信息咨询有限责任公司,北京-海淀区,2.5-4万/月,06-13
PYthon开发实习,郑州百尚网络科技有限公司,郑州-高新区,5-8千/月,06-13
PYQT开发工程师,上海卓盟信息科技有限公司,上海-闵行区,0.8-1.3万/月,06-13
编译器工程师,北京御芯微科技有限公司,重庆-沙坪坝区,0.8-2.4万/月,06-13
Python高级开发工程师,深圳市能信安科技股份有限公司,深圳,1.5-2万/月,06-13
软件开发工程师,深圳市卓翼科技股份有限公司,深圳-南山区,1-1.5万/月,06-13
后端开发工程师,麒盛科技股份有限公司,杭州-西湖区,1-2.5万/月,06-13
Python老师,广州编辅侠教育科技有限公司,广州-白云区,6-8千/月,06-13
python教师,广州编辅侠教育科技有限公司,广州-花都区,6-8千/月,06-13
Python老师,广州编辅侠教育科技有限公司,广州-白云区,6-8千/月,06-13
大数据挖掘工程师,湖南金烽信息科技有限公司,北京,1.5-3万/月,06-13
Python自动化测试工程师,湖南金烽信息科技有限公司,杭州,0.8-1.2万/月,06-13
气象算法工程师,北京华泰德丰技术有限公司,北京-海淀区,1.5-3万/月,06-13
Python编程老师,徐州智编信息科技有限公司,徐州,6-8千/月,06-13
python爬虫开发工程师（双休+奖金）,邯郸市辰星网络科技有限公司,石家庄,4.5-8千/月,06-13
python工程师,深圳市比一比网络科技有限公司,深圳-南山区,1.5-2万/月,06-13
python工程师（熟悉QT）,深圳市比一比网络科技有限公司,深圳-南山区,1.5-2万/月,06-13
视频分析算法工程师,中讯志远（武汉）科技有限公司,北京-海淀区,0.8-2万/月,06-13
Python开发应用工程师,中讯志远（武汉）科技有限公司,深圳-福田区,1-1.5万/月,06-13
Python开发,成都上鑫网络科技有限公司,成都-温江区,4-5千/月,06-13
Python初级开发工程师,成都上鑫网络科技有限公司,成都-温江区,4-5千/月,06-13
Python高级开发工程师,西安深思信息科技有限公司,西安-高新技术...,6-9千/月,06-13
Python应用工程师,东莞昆盈电脑制品有限公司,东莞,0.8-1.2万/月,06-13
资深平台开发工程师,网易集团,杭州-滨江区,1.5-3万/月,06-13
C++开发（急招）,深圳市达旭投资有限公司,深圳-龙岗区,1.2-2.2万/月,06-13
数据库云平台架构师,北京海量数据技术股份有限公司,北京-海淀区,1.5-3万/月,06-13
Web后台研发工程师,西安三图信息技术有限公司,西安-雁塔区,6-8千/月,06-13
软件测试工程师,深圳市达旭投资有限公司,深圳-龙岗区,1.2-2.2万/月,06-13
Python高级开发工程师,深圳市斯瑞达电子有限公司,深圳-宝安区,1.5-3万/月,06-13
Java/Python软件工程师.,南京拾柴信息科技有限公司,北京,0.8-2万/月,06-13
Python工程师,苏州黑云信息科技有限公司,苏州-工业园区,0.5-1万/月,06-13
软件工程师,上海亿威航空电子股份有限公司,长沙-长沙县,1-1.5万/月,06-13
人工智能开发工程师,国基北盛（南京）科技发展有限公司,济南-高新区,1-1.5万/月,06-12
Python后端开发工程师,上海非夕机器人科技有限公司,深圳-南山区,1.5-3万/月,06-12
PD-DevOps工程师,北京安德医智科技有限公司,北京,1-1.5万/月,06-12
python开发,上海易宝软件有限公司,成都-郫都区,0.9-1.8万/月,06-12
Python测试,上海易宝软件有限公司,杭州-滨江区,1-1.6万/月,06-12
SQL,爱思特信息技术（上海）有限公司,武汉-汉阳区,9-12万/年,06-12
SQL,爱思特信息技术（上海）有限公司,上海,9-12万/年,06-12
少儿编程老师,四川四日科技有限公司,成都-金牛区,4.5-6千/月,06-12
程序设计工程师,乐山-菲尼克斯半导体有限公司,异地招聘,0.5-1万/月,06-12
程序设计工程师,乐山-菲尼克斯半导体有限公司,异地招聘,0.5-1万/月,06-12
程序设计工程师,乐山-菲尼克斯半导体有限公司,乐山,0.5-1万/月,06-12
程序设计工程师,乐山-菲尼克斯半导体有限公司,异地招聘,0.5-1万/月,06-12
IT项目实施工程师,中国科学院沈阳计算技术研究所有限公司,沈阳-浑南区,3-4.5千/月,06-12
DevOps,乐陪（上海）文化传播有限公司,上海-徐汇区,1-2.5万/月,06-12
Python高级开发工程师,武汉云外恒信息技术有限公司,武汉-洪山区,1.5-2万/月,06-12
Python高级开发工程师,尤盛信息技术（上海）有限公司,上海-浦东新区,1.8-3万/月,06-12
德企招Python,上海科之锐人才咨询有限公司,北京,1-1.5万/月,06-12
Lua后端开发工程师,上海合合信息科技发展有限公司,上海-静安区,1-1.5万/月,06-12
后台开发实习生-A0131,上海合合信息科技发展有限公司,上海-静安区,6-8千/月,06-12
后台开发工程师-B0305,上海合合信息科技发展有限公司,上海-静安区,1.2-2.4万/月,06-12
python开发,深圳市若昕科技有限公司,杭州-滨江区,2-3万/月,06-12
python开发,深圳市若昕科技有限公司,深圳-南山区,2-3万/月,06-12
python开发,深圳市若昕科技有限公司,广州-天河区,2-3万/月,06-12
python开发,深圳市若昕科技有限公司,上海-虹口区,2-3万/月,06-12
python开发,深圳市若昕科技有限公司,北京-朝阳区,2-3万/月,06-12
网易-Python后端开发,中软国际科技服务有限公司,广州-天河区,1-1.5万/月,06-12
腾讯数据门户后端开发,中软国际科技服务有限公司,深圳-南山区,1-1.5万/月,06-12
Python,上海沪万智能科技有限公司,上海-长宁区,0.7-1.3万/月,06-12
00122-BI,友邦资讯科技（广州）有限公司,广州,10-15万/年,06-12
Python工程师,上海占域实业有限公司,南京,6-8千/月,06-12
数据产品测试工程师,华通科技有限公司,上海,6-8千/月,06-12
python爬虫工程师,智线云科技（北京）有限公司武汉分公司,武汉-洪山区,0.8-1.5万/月,06-12
python爬虫工程师,智线云科技（北京）有限公司武汉分公司,武汉-洪山区,0.8-1.3万/月,06-12
中级Java/PHP/Python工程师,智线云科技（北京）有限公司武汉分公司,武汉-洪山区,0.8-1.6万/月,06-12
Python,深圳市乐易网络股份有限公司,深圳-南山区,0.9-1.5万/月,06-12
数据开发工程师,深圳市乐易网络股份有限公司,深圳-南山区,0.8-1万/月,06-12
数据开发工程师,深圳市乐易网络股份有限公司,深圳-南山区,8-9千/月,06-12
python开发,深圳市乐易网络股份有限公司,深圳-南山区,0.9-1.5万/月,06-12
外企招聘,杭州爱达福乐检测技术有限公司,异地招聘,1-2万/月,06-12
外企招聘,杭州爱达福乐检测技术有限公司,杭州-萧山区,1-2万/月,06-12
python爬虫工程师,上海蜜度信息技术有限公司,上海,0.9-1.5万/月,06-12
Python数据分析师,上海华依科技集团股份有限公司,上海-浦东新区,0.6-1万/月,06-12
大数据开发实习数学专业优先,西安风语者网络科技有限公司,西安-高新技术...,4.5-6千/月,06-12
Python软件工程师,上海华屹数码科技有限公司,上海-徐汇区,1-1.5万/月,06-12
python开发,广州华钧软件科技有限公司,杭州-滨江区,2-3万/月,06-12
python开发,广州华钧软件科技有限公司,深圳-南山区,2-3万/月,06-12
python开发,广州华钧软件科技有限公司,上海-虹口区,2-3万/月,06-12
python开发,广州华钧软件科技有限公司,北京-朝阳区,2-3万/月,06-12
python开发,广州华钧软件科技有限公司,广州-天河区,2-3万/月,06-12
Python高级开发工程师,青牛智胜（深圳）科技有限公司,深圳-南山区,1.8-2.5万/月,06-12
python架构师,深圳市宇航软件股份有限公司,深圳-龙岗区,3-4万/月,06-12
容器技术开发,北京外企德科人力资源服务上海有限公司,成都-郫都区,2-2.5万/月,06-12
Python软件开发工程师,北京外企德科人力资源服务上海有限公司,成都-郫都区,2-2.5万/月,06-12
Python软件开发工程师,北京外企德科人力资源服务上海有限公司,深圳-龙岗区,1.5-2万/月,06-12
Python讲师,湖南智圭谷信息技术咨询服务有限公司,长沙-雨花区,0.8-1.2万/月,06-12
Python开发经理,上海金杉数金互联网科技有限公司,上海-浦东新区,2-2.5万/月,06-12
Python高级开发工程师,衍生（深圳）投资基金管理有限公司,深圳,1.5-3万/月,06-12
Python工程师,360金融,上海,2-3.5万/月,06-12
Python工程师,360金融,上海,1.5-3.5万/月,06-12
云计算研发工程师,北京外企德科人力资源服务上海有限公司,深圳,1.4-2.8万/月,06-12
Python/C/C++/go开发工程师-500强有班车,北京外企德科人力资源服务上海有限公司,深圳-龙岗区,1.5-3万/月,06-12
软件开发工程师（河西奥体）,京北方信息技术股份有限公司,南京-建邺区,1-1.5万/月,06-12
Python爬虫工程师,云润大数据服务有限公司,广州,0.6-1.2万/月,06-12
高级游戏服务端开发工程师,深圳市火花幻境互动娱乐有限公司,深圳-南山区,2-2.8万/月,06-12
Python高级开发工程师,上海富欣智能交通控制有限公司,上海-浦东新区,1.5-2万/月,06-12
java中级开发工程师（银行综合前端方向）,北京联创智融信息技术有限公司,异地招聘,1-1.5万/月,06-12
python中级开发工程师（银行前置方向）,北京联创智融信息技术有限公司,异地招聘,1-1.5万/月,06-12
爬虫开发工程师,西安先驱电子科技有限公司,西安,4.5-6千/月,06-12
Python工程师,上海乐言信息科技有限公司,上海-长宁区,1.5-2万/月,06-12
AI工程师（Python）,上海乐言信息科技有限公司,苏州-工业园区,0.8-1.2万/月,06-12
python开发,上海煜暖实业有限公司,上海-浦东新区,6-8千/月,06-12
项目工程师,澳鹏科技（无锡）有限公司,无锡-无锡新区,4.5-6千/月,06-12
高级项目工程师（高级python工程师）,澳鹏科技（无锡）有限公司,无锡-无锡新区,1-1.5万/月,06-12
少儿编程老师（Scratch、Python、C语言）,广州学码教育科技有限公司,广州,0.8-1万/月,06-12
Web,深圳华森建筑与工程设计顾问有限公司,深圳-南山区,1-1.5万/月,06-12
python开发,上海雍米计算机科技有限公司,广州-天河区,2-3万/月,06-12
python开发,上海雍米计算机科技有限公司,上海-虹口区,2-3万/月,06-12
python开发,上海雍米计算机科技有限公司,北京-朝阳区,2-3万/月,06-12
python开发,上海雍米计算机科技有限公司,成都-武侯区,2-3万/月,06-12
python开发,上海雍米计算机科技有限公司,杭州-滨江区,2-3万/月,06-12
Python高级开发工程师,深圳市道合顺科技有限公司,深圳-福田区,2-3万/月,06-12
通讯导航产品开发工程师,京信通信系统控股有限公司,南京-秦淮区,15-30万/年,06-12
高级后端开发工程师,北京经纬恒润科技有限公司上海分公司,上海-徐汇区,20-50万/年,06-12
Python中级开发工程师,华世界控股集团,深圳-龙岗区,1-1.6万/月,06-12
后端坐班实习生,领翌技术（横琴）有限公司,成都-高新区,2-4千/月,06-12
Python后端开发工程师,迪原创新（北京）科技有限公司,上海-杨浦区,1-1.5万/月,06-12
windows软件开发工程师G00134,格科微电子（上海）有限公司,上海,1-2万/月,06-12
Python高级开发工程师（AI）,杭州祐全科技发展有限公司,杭州-余杭区,1.8-3.5万/月,06-12
高级Python工程师,广东中思拓大数据研究院有限公司,广州-天河区,2.5-3万/月,06-12
Zabbix研发工程师,广东华保数据有限公司,佛山,0.8-1万/月,06-12
Zabbix研发工程师,广东华保数据有限公司,异地招聘,6-8千/月,06-12
python开发助理,沈阳多码斯信息技术有限公司,沈阳-浑南区,3-4.5千/月,06-12
Web开发工程师,广东华保数据有限公司,异地招聘,5-8千/月,06-12
Java/Python软件工程师,长沙紫檀数据科技有限公司,长沙-岳麓区,0.6-1.2万/月,06-12
软开发工程师,苏州宜美哲自动化科技有限公司,苏州-工业园区,6-8千/月,06-12
Python大学讲师,陕西厚溥教育科技有限公司,咸阳,0.8-1万/月,06-12
Python大学讲师,陕西厚溥教育科技有限公司,异地招聘,0.8-1万/月,06-12
python高级工程师(odoo方向),深圳市博大建设集团有限公司,深圳,1-1.5万/月,06-12
程序设计工程师,乐山-菲尼克斯半导体有限公司,异地招聘,0.5-1万/月,06-12
Python工程师（偏测试方向）,南京勤丰文化传媒有限公司,南京,6-8千/月,06-12
软件测试研发工程师,上海尚学堂智能科技有限公司,上海-浦东新区,1-1.5万/月,06-12
Python研发工程师,上海尚学堂智能科技有限公司,上海-浦东新区,1-3万/月,06-12
Python高级开发工程师,达观数据,上海-浦东新区,1.6-2.5万/月,06-12
python后端开发工程师,浙江国自机器人技术股份有限公司,杭州-滨江区,1-1.8万/月,06-11
软件开发工程师,上海大雁资产管理中心 （有限合伙）,异地招聘,15-30万/年,06-11
软件开发工程师,上海大雁资产管理中心 （有限合伙）,上海-浦东新区,15-30万/年,06-11
Python开发-驻场广州,优维科技（深圳）有限公司,深圳-南山区,0.9-1.3万/月,06-11
Python开发-广州,优维科技（深圳）有限公司,广州-天河区,0.9-1.3万/月,06-11
python开发-武汉,优维科技（深圳）有限公司,武汉-东湖新技...,1-1.8万/月,06-11
后台开发-武汉,优维科技（深圳）有限公司,武汉-东湖新技...,1-1.8万/月,06-11
python运维开发,优维科技（深圳）有限公司,广州-天河区,1-2万/月,06-11
Python全栈工程师,启迪（柳州）数字教育有限公司,异地招聘,20-30万/年,06-11
软件工程师（长沙）,上海力信测量系统有限公司,长沙-长沙县,0.8-1万/月,06-11
大数据平台开发工程师,上海力信测量系统有限公司,上海-浦东新区,1-1.5万/月,06-11
工具开发软件工程师,翱捷科技（上海）有限公司,上海-浦东新区,20-30万/年,06-11
Python工程师/开发工程师/Django/Flask/Web,杭州锐翌基因技术有限公司,杭州,1-2万/月,06-11
Python工程师,杭州锐翌基因技术有限公司,杭州,1-2万/月,06-11
高级Python工程师,杭州锐翌基因技术有限公司,杭州,1.5-3万/月,06-11
急聘python讲师五险+宿补,湖南潭州教育网络科技有限公司贵阳分公司,贵阳,6-8万/年,06-11
算法实习生,开放智能机器（上海）有限公司,上海-徐汇区,4.5-6千/月,06-11
Python高级开发工程师,浙江卡易智慧医疗科技有限公司,温州,1-2万/月,06-11
Python初级开发（杭州出差）,河南八六三软件股份有限公司,郑州,0.6-1万/月,06-11
后台开发工程师-Q0518,苏州贝尔塔数据技术有限公司,苏州,0.8-1.5万/月,06-11
Python开发实习生（创新中心）(J11913),绿盟科技,西安-高新技术...,3-4千/月,06-11
python研发工程师,绿盟科技,西安,0.8-1万/月,06-11
计算机编程讲师（江南校区）,广西南宁童程童美科技有限公司,南宁,6-8千/月,06-11
计算机编程老师（鲁班路校区）,广西南宁童程童美科技有限公司,南宁,6-8千/月,06-11
测试开发,汉堂软件工程（上海）有限公司,广州-天河区,0.8-1.3万/月,06-11
云电脑镜像开发,汉堂软件工程（上海）有限公司,广州,1-1.5万/月,06-11
量化工程师,广州好推网络科技有限公司,广州-天河区,1-2万/月,06-11
python开发,广州好推网络科技有限公司,广州-天河区,1-2万/月,06-11
全栈开发工程师,博彦科技股份有限公司,北京-海淀区,1.5-2.5万/月,06-11
技术主管/技术经理（Python）,深圳十方融海科技有限公司,深圳-南山区,2-3.3万/月,06-11
Python架构师,青岛思普润水处理股份有限公司,青岛-黄岛区,1.8-2.5万/月,06-11
房产数据分析专员,特力惠信息科技股份有限公司,福州,5-7千/月,06-10
爬虫开发工程师,上海盈合信息技术有限公司,上海-静安区,1.5-2万/月,06-10
Sr.,江苏集萃苏科思科技有限公司,苏州-相城区,1.5-2.1万/月,06-10
ZC研发工程师,广州铁科智控有限公司,广州-海珠区,20-40万/年,06-10
python,浙江优创信息技术有限公司,上海-浦东新区,6.5-9.5千/月,06-10
Python工程师,新海科技集团有限公司,宁波-慈溪市,3-6千/月,06-10
python工程师,昆山层宙贸易有限公司,异地招聘,0.8-1.2万/月,06-10
CDN系统运维工程师,北京晟元亿讯科技有限公司,合肥-庐阳区,6-8千/月,06-10
后端高级开发工程师,达观数据,上海-浦东新区,1.5-3万/月,06-10
后端高级开发工程师,达观数据,上海-浦东新区,1.5-3万/月,06-10
高级python工程师,广东博士科技有限公司,广州-黄埔区,1.3-2万/月,06-10
Python开发（09）,上海复深蓝软件股份有限公司,上海-浦东新区,0.8-1.1万/月,06-10
PHP,广州市广农数链信息科技有限公司,广州-黄埔区,13-18万/年,06-10
Python开发实习生,苏州高博应诺信息科技有限公司,苏州-工业园区,4.5-6千/月,06-10
Python/C/C++开发工程师(PKI),上海锐成信息科技有限公司,成都-成华区,1.2-2万/月,06-09
物联网技术经理,广州天源信息科技股份有限公司,广州,1.5-2.5万/月,06-09
爬虫工程师（Java或Python）,北京三六九数动科技有限公司,北京,2.5-3万/月,06-09
Python高级工程师（深圳）,三态电子商务股份有限公司,深圳-南山区,1.5-2.5万/月,06-09
Python开发主管(J10344),江苏创源电子有限公司,苏州-吴江区,2.5-3万/月,06-09
资深后端开发工程师（苏州）(J10345),江苏创源电子有限公司,苏州-吴江区,1.5-2万/月,06-09
高级python开发(J10447),上海驻云信息科技有限公司,异地招聘,1.8-2.5万/月,06-09
Python自动化测试工程师（英语熟练）,浙江联大科技有限公司,异地招聘,0.8-1万/月,06-09
Python自动化测试工程师（英语熟练）,浙江联大科技有限公司,异地招聘,0.8-1万/月,06-09
Python自动化测试工程师（英语熟练）,浙江联大科技有限公司,异地招聘,0.8-1万/月,06-09
Python全栈开发,苏州云意天下网络科技有限公司,昆山,15-20万/年,06-08
python软件开发工程师,苏州复鹄电子科技有限公司,上海-杨浦区,3-6万/月,06-08
逆向分析安全工程师-郑州高新区,北京佐佑邦科技有限公司,郑州-中原区,1-1.5万/月,06-08
郑州高新区-爬虫工程师,北京佐佑邦科技有限公司,郑州-高新区,0.6-1.2万/月,06-08
兴宁市程序员,梅州市天勤网络科技有限公司,梅州,6-8千/月,06-08
Python机器学习工程师,北明软件有限公司,上海,1.1-2万/月,06-08
自动化运维开发工程师,上海蒙帕信息技术有限公司,西安-高新技术...,0.8-1.5万/月,06-08
CAE软件工程师（结构方向）,四川中锐信息技术有限公司,成都-高新区,1-2万/月,06-08
CAE软件工程师（电磁方向）,四川中锐信息技术有限公司,成都-高新区,1-2万/月,06-08
CAE软件工程师（辐射方向）,四川中锐信息技术有限公司,成都-高新区,1-2万/月,06-08
数据开发,深圳市鼎驰科技发展有限公司,深圳-福田区,1.3-1.8万/月,06-06
Python数据开发,深圳市鼎驰科技发展有限公司,深圳-福田区,1.2-1.7万/月,06-06
机器学习工程师,宁夏秦宇科技有限公司,银川,1-1.5万/月,06-06
python讲师,深圳市小码教育科技有限公司,深圳-福田区,0.8-1.2万/月,06-06
Python开发专家,浙江森马服饰股份有限公司,上海-闵行区,3-3.5万/月,06-05
中级爬虫开发工程师,南京茂毓通软件科技有限公司,南京-雨花台区,1.5-2.5万/月,06-05
爬虫开发工程师,南京茂毓通软件科技有限公司,南京-雨花台区,0.8-1.5万/月,06-05
Python算法工程师（高级工程师）,昆山润石智能科技有限公司,昆山,1-1.5万/月,06-05
YX03-高级Java开发工程师,云南远信科技有限公司,昆明-官渡区,0.6-1万/月,06-05
急聘python开发助理,大连亚丁科技有限公司,大连,3-4.5千/月,06-05
Python实习生,常州汉器信息技术有限公司,异地招聘,3-5千/月,06-04
Python实习生,常州汉器信息技术有限公司,异地招聘,3-5千/月,06-04
Python,常州汉器信息技术有限公司,异地招聘,1-3万/月,06-04
Python,常州汉器信息技术有限公司,异地招聘,1-3万/月,06-04
Python,常州汉器信息技术有限公司,异地招聘,1-3万/月,06-04
Python,常州汉器信息技术有限公司,异地招聘,1-3万/月,06-04
Python,常州汉器信息技术有限公司,上海,1-3万/月,06-04
Python高级开发工程师,达观数据,北京,2-3万/月,06-04
python少儿编程老师,卡巴青少儿科技活动中心,武汉,0.6-1万/月,06-04
Python,北京三六九数动科技有限公司,北京-朝阳区,1-1.5万/月,06-04
JAVA或Python开发,江苏润和软件股份有限公司,深圳,1-1.5万/月,06-04
Python工程师,深圳市华腾半导体设备有限公司,深圳-光明新区,0.8-1万/月,06-04
软件工程师,南京盈兴科技有限公司,南京-鼓楼区,1.5-2.5万/月,06-03
python语音识别工程师,中软国际科技服务有限公司,西安-雁塔区,0.8-1.5万/月,06-03
量化交易开发工程师,深圳市壹佳壹信息技术有限公司,深圳-龙岗区,1.5-3万/月,06-03
Python高级开发工程师,深圳乐通信息技术有限公司,深圳-南山区,1.5-2万/月,06-03
华为德科联合招聘python/java开发工程师（OD）,华为技术有限公司,西安,1-2万/月,06-03
python---外派绿盟科技（驻场）,西安鼎拓信息科技有限公司,西安-雁塔区,0.5-1万/月,06-02
IT-python后端开发师,深圳市火乐科技发展有限公司,深圳-南山区,1.3-2.6万/月,06-02
IT-Python工程师（校招）,深圳市火乐科技发展有限公司,深圳-南山区,0.8-1万/月,06-02
python工程师,深圳市火乐科技发展有限公司,深圳-南山区,1-1.5万/月,06-02
Python工程师,医药魔方,北京-朝阳区,1-2万/月,06-02
服务器主程,深圳秀火网络科技有限公司,深圳-宝安区,1.5-2.5万/月,06-02
高级Python开发,北京泛鹏天地科技股份有限公司,深圳-福田区,2-4万/月,06-01
安全分析师/安全分析专家,北京星网锐捷网络技术有限公司,北京,2.5-5万/月,05-31
数据挖掘工程师(实习）,广州高越广告有限公司,广州,4-6千/月,05-30
Python,北京友聚四海网络科技有限公司,北京-朝阳区,1-1.5万/月,05-30
python开发助理,西安山海鲲鸿信息科技有限公司,西安-新城区,3-5千/月,05-30
初级/中级python开发,深圳市网新新思软件有限公司,深圳-罗湖区,1-1.5万/月,05-28
Python爬虫工程师,广州特道信息科技有限公司,广州,6.5-8千/月,05-28
软件工程师,苏州德中创恒软件科技有限公司,异地招聘,3.5-7千/月,05-27
软件工程师,苏州德中创恒软件科技有限公司,苏州-工业园区,3.5-7千/月,05-27
Python工程师,静瞳海外投资顾问（深圳）有限公司,广州,0.7-1.5万/月,05-27
Nodejs开发工程师,北京凯普顿医药科技开发有限公司,北京-西城区,1-2万/月,05-27
Python开发实习生,浙江诺诺网络科技有限公司,杭州-西湖区,4-8千/月,05-26
Python软件开发（应届生）,德硕管理咨询（深圳）有限公司,深圳-福田区,6-8千/月,05-26
Python后端开发工程师,VSPN,上海-静安区,0.8-1.4万/月,05-26
Python,中山市新锐医疗设备科技有限公司,异地招聘,6-8千/月,05-25
Python,中山市新锐医疗设备科技有限公司,中山-坦洲镇,6-8千/月,05-25
Python,中山市新锐医疗设备科技有限公司,异地招聘,6-8千/月,05-25
Python编程老师实习生,深圳市编玩边学教育科技有限公司,武汉,200元/天,05-25
Analyst,深圳市睿服科技有限公司,深圳-南山区,1.5-2万/月,05-25
后端开发工程师,北京创源微致软件有限公司,北京-海淀区,1.5-2.5万/月,05-24
Python开发（情报分析平台）,北京启明星辰信息安全技术有限公司,北京-海淀区,1.2-2万/月,05-24
Python运维开发工程师,深圳市法本信息技术股份有限公司,深圳-宝安区,1-2万/月,05-23
后端研发工程师,深圳市法本信息技术股份有限公司,深圳-南山区,1-1.3万/月,05-23
软件/语言编程开发师,广东鸣世科技有限公司,异地招聘,0.8-1.3万/月,05-22
软件/语言编程开发师,广东鸣世科技有限公司,佛山-顺德区,0.8-1.3万/月,05-22
Python工程师,上海飞络信息科技有限公司,成都,0.6-1.2万/月,05-22
Python爬虫研发工程师,广州多益网络股份有限公司,广州-黄埔区,1.1-2万/月,05-22
智能网联汽车研发工程师,上海智能网联汽车技术中心有限公司,上海-奉贤区,1-1.5万/月,05-21
NLP研发工程师,它思科技（天津）有限公司,异地招聘,1-1.5万/月,05-21
Python教研老师(2年以上教研经验),安徽同源同码信息科技有限公司,合肥-庐阳区,6-8千/月,05-21
爬虫工程师,上海欧锐信息咨询有限公司,嘉兴,0.6-1万/月,05-20
软件开发工程师（实习）,浙江力太工业互联网有限公司,杭州-滨江区,4.5-6千/月,05-20
网络安全研发工程师,中通服创发科技有限责任公司,长沙-芙蓉区,0.8-1.5万/月,05-20
python爬虫开发工程师,佛山市德朗司科技有限公司,佛山-南海区,0.5-1万/月,05-19
Python自动化测试工程师,江苏润和软件股份有限公司,南京-雨花台区,1-1.5万/月,05-19
RPA开发工程师,上海屹恒信息科技有限公司,北京-朝阳区,1-1.5万/月,05-19
全栈工程师,青岛爱克萨老龄服务科技有限公司,青岛-高新区,1-3万/月,05-19
Devops开发工程师,江苏金恒信息科技股份有限公司,南京-六合区,1-1.5万/月,05-18
对象存储工程师,广东紫晶信息存储技术股份有限公司,异地招聘,1.5-2万/月,05-18
培训讲师,湖南智圭谷信息技术咨询服务有限公司,长沙-雨花区,1-1.5万/月,05-18
Python开发实习生,上海西信信息科技股份有限公司,异地招聘,4.5-6千/月,05-18
Python自动化测试工程师,上海易宝软件有限公司,西安-高新技术...,0.8-1.5万/月,05-17
软件开发工程师1,华录光存储研究院（大连）有限公司,大连-高新园区,0.6-1.3万/月,05-15
研发实习生,VSPN,上海-静安区,2-3千/月,05-15
软件测试工程师,杭州五色云网络技术有限公司,杭州-西湖区,0.6-1.2万/月,05-14
Python,上海易路软件有限公司,上海-闵行区,1.5-2万/月,05-14
Python开发讲师,河南新华电脑学院,郑州-中原区,0.8-1万/月,05-13
python,深圳市睿服科技有限公司,深圳-龙华新区,1-1.5万/月,05-13
Python软件开发工程师,深信服科技股份有限公司,深圳-南山区,1.3-2.6万/月,05-13
机器视觉算法工程师（Python）,华为技术有限公司,杭州-滨江区,1.5-4万/月,05-12
自动化测试开发工程师,上海联影智能医疗科技有限公司,上海-徐汇区,1.5-2万/月,05-11
云平台研发工程师,荐客极聘网络技术（苏州）有限公司,长沙,1.5-2万/月,05-09
Python数据工程师,上海微创软件股份有限公司,上海,1.4-2.2万/月,05-08
软件开发工程师（python）,上海微创软件股份有限公司,苏州,1.2-1.7万/月,05-08
Software,仙童半导体技术（上海）有限公司,异地招聘,20-30万/年,05-08
Software,仙童半导体技术（上海）有限公司,无锡-滨湖区,20-30万/年,05-08
后端开发工程师,深圳华大生命科学研究院,深圳-大鹏新区,1.5-2.5万/月,05-08
工具开发工程师,江苏金智锐智能科技有限公司,苏州-工业园区,0.8-1万/月,05-08
工具开发工程师,江苏金智锐智能科技有限公司,苏州-工业园区,0.8-1万/月,05-08
开发工程师,浙江长城计算机系统有限公司,温州,0.8-2万/月,05-08
python自动化测试,文思海辉技术有限公司Pactera Technology International Limited,成都,0.8-1万/月,05-07
Python,青岛七十二度信息技术有限公司,青岛-黄岛区,4-8千/月,05-07
高级软件工程师,吉林省澎兴电子产业有限公司,长春,1-1.5万/月,05-06
python软件工程师,北京经纬恒润科技有限公司,北京-海淀区,1-1.5万/月,05-06
机器人ROS开发工程师,中国航天科工集团第二研究院206所,北京,18-22万/年,05-04
数据建模分析师,气味图书馆,上海-闵行区,1.5-2万/月,05-03
解决方案工程师,北京易华录信息技术股份有限公司,无锡-梁溪区,0.8-1万/月,04-27
Java架构师,成都运荔枝科技有限公司,成都-锦江区,2-3万/月,04-27
Java架构师,成都运荔枝科技有限公司,异地招聘,2-3万/月,04-27
Java架构师,成都运荔枝科技有限公司,异地招聘,2-3万/月,04-27
Java架构师,成都运荔枝科技有限公司,异地招聘,2-3万/月,04-27
Java架构师,成都运荔枝科技有限公司,异地招聘,2-3万/月,04-27
Java架构师,成都运荔枝科技有限公司,异地招聘,2-3万/月,04-27
Java架构师,成都运荔枝科技有限公司,异地招聘,2-3万/月,04-27
Java架构师,成都运荔枝科技有限公司,异地招聘,2-3万/月,04-27
Java架构师,成都运荔枝科技有限公司,异地招聘,2-3万/月,04-27
[实习]安全开发（上海）,杭州安恒信息技术股份有限公司,异地招聘,2-3千/月,04-26
[实习]安全开发（杭州）,杭州安恒信息技术股份有限公司,杭州,2-3千/月,04-26
python工程师,上海南天电脑系统有限公司,合肥-包河区,0.6-1万/月,04-26
Python高级开发工程师,宁夏秦宇科技有限公司,银川,0.8-1.3万/月,04-26
鲲鹏分布式存储解决方案工程师,北京外企德科人力资源服务上海有限公司,深圳-龙岗区,1.2-2.4万/月,04-26
python开发,同方鼎欣科技股份有限公司,深圳-南山区,0.9-1.2万/月,04-25
BI,DHL eCommerce,上海-黄浦区,1.5-2万/月,04-23
高级数据经理-数据银行,上海宝尊电子商务有限公司,上海,2.5-3万/月,04-22
Python人工智能讲师,传智播客教育集团深圳分校,深圳-宝安区,2.5-3万/月,04-22
高级后台开发工程师,安克创新科技股份有限公司深圳分公司,深圳-南山区,1.5-2.8万/月,04-22
产品开发经理,威盛电子（中国）有限公司,北京-海淀区,1-1.4万/月,04-21
Python后台开发,深圳云天励飞技术有限公司,深圳-南山区,1.2-2.4万/月,04-20
Java中级开发工程师,深圳市拓保软件有限公司,深圳-南山区,1-1.5万/月,04-19
python云平台研发工程师(J12484),绿盟科技,武汉-东湖新技...,1.5-2万/月,04-19
openstack开发工程师,北京四维图新科技股份有限公司,北京-海淀区,3-5万/月,04-18
pyhon/C/C++高级工程师,上海图羽企业管理咨询有限公司,杭州,1.5-2万/月,04-18
python工程师,重庆讯云网络科技有限公司,重庆-渝北区,1-1.5万/月,04-17
数字资产技术支持(svn\python\c++),深圳市德科信息技术有限公司,广州-天河区,0.8-1万/月,04-16
数据技术组组长,爱云校郑州,郑州-二七区,0.8-1万/月,04-14
python自动化测试,贵州原生益动科技有限公司成都分公司,成都-金牛区,3.5-5千/月,04-14
python,杭州安恒信息技术股份有限公司,杭州,3-4.5千/月,04-13
Python开发工程师,广东珺桦能源科技有限公司,广州-黄埔区,3-4.5千/月,06-12
Python开发工程师,上海煜暖实业有限公司,上海-浦东新区,4.5-6千/月,06-12
Python开发工程师（实习）,上海大雁资产管理中心 （有限合伙）,上海-浦东新区,4.5-6千/月,06-11
Python开发工程师,西安风语者网络科技有限公司,西安-高新技术...,1.5-2千/月,06-11
Python开发工程师,北京理工雷科电子信息技术有限公司,北京,0.4-1.6万/月,06-08
Python开发工程师(实习-成都)-威胁对抗能力部(J12543),绿盟科技,成都-高新区,2-3千/月,06-03
Python开发工程师,湖南智圭谷信息技术咨询服务有限公司,长沙-雨花区,2万以下/年,05-21
Python开发工程师,上海西信信息科技股份有限公司,上海-徐汇区,4.5-6千/月,05-18
Python开发工程师（实习）,浙江力太工业互联网有限公司,杭州-滨江区,120元/天,05-07
Python开发工程师（实习生）,北京华泽云防科技有限公司,北京-丰台区,4.5-6千/月,05-06
[实习],杭州安恒信息技术股份有限公司,北京-海淀区,2-4千/月,04-13
Python开发工程师,软通动力信息技术（集团）有限公司,西安,0.8-1.5万/月,05-31
Python开发工程师,软通动力信息技术（集团）有限公司,深圳,1.3-2.6万/月,04-26
Python服务端开发工程师,网易集团,广州,2-3千/月,06-13
python实习生,完美世界（北京）总部/完美时空,北京-朝阳区,3-4.5千/月,06-13
python讲师,湖南潭州教育网络科技有限公司北京分公司,北京-石景山区,4-8千/月,06-12
Python开发实习生（西安）(J10070),绿盟科技,西安-高新技术...,2-3千/月,06-11
Python实习,武汉俊誉科技信息技术有限公司,武汉,2-3千/月,06-08
Python实习工程师,广东优德科技有限公司,广州-海珠区,3-5千/月,05-29
Python实习工程师,广东优德科技有限公司,广州-海珠区,3-5千/月,05-29
Python开发（情报分析平台）,北京启明星辰信息安全技术有限公司,北京-海淀区,3-6千/月,05-24
大数据开发实习生,上海图趣信息科技有限公司,上海-浦东新区,200元/天,05-18
Python,上海点明信息技术有限公司,上海-浦东新区,1.5-2千/月,05-13
大数据开发工程师实习生R,河北臻龙科技有限公司,异地招聘,4-6千/月,05-12
大数据开发工程师实习生R,河北臻龙科技有限公司,石家庄,4-6千/月,05-12
[实习]python开发（杭州）,杭州安恒信息技术股份有限公司,杭州,2-3千/月,04-26
[实习]python开发（成都）,杭州安恒信息技术股份有限公司,异地招聘,2-3千/月,04-26
Python实习生,广州易察市场研究有限公司,广州-越秀区,3-5千/月,04-26
Python讲师,广州粤嵌通信科技股份有限公司,广州-黄埔区,1.5-2千/月,04-24
Python实习开发工程师,长沙赛群信息科技有限公司,长沙-开福区,2.5-3.5千/月,04-22
[实习]python开发（杭州）,杭州安恒信息技术股份有限公司,杭州,2-4千/月,04-13
python,杭州安恒信息技术股份有限公司,异地招聘,3-4.5千/月,04-13
Python自动化,软通动力信息技术（集团）有限公司,上海,1-2.2万/月,06-10
python自动化测试,软通动力信息技术（集团）有限公司,上海,1-2.5万/月,06-10
python车载算法,软通动力信息技术（集团）有限公司,上海,1.2-2.5万/月,06-10
Python开发,软通动力信息技术（集团）有限公司,上海,1-2.2万/月,06-10
python车载算法,软通动力信息技术（集团）有限公司,上海,1.2-2.5万/月,06-10
python自动化测试,软通动力信息技术（集团）有限公司,杭州,1.3-2万/月,06-10
嘉定/诚聘Python工程师,上海三日企业管理有限公司,上海,1.2-2万/月,06-06
Python,软通动力信息技术（集团）有限公司,杭州,1-2万/月,04-28
